features,loss
11110010111,0.44157781930071144
11100010111,0.4434711669690468
11111010111,0.44399596811889896
11110000111,0.4444774406184136
11110010101,0.4454112049201824
11101010111,0.44603998043537924
11110110111,0.4460489271536903
11111000111,0.44676318796219155
11100000111,0.44685584169941667
11111010101,0.4468995308299546
11100010101,0.4469447871614411
11111110111,0.44758703527732707
11110010110,0.4476705467252785
11100110111,0.4478290613447613
11101010101,0.4486630601469801
11101000111,0.44928555769618034
11111010110,0.44953996393374923
11101110111,0.44955094890013736
11110110101,0.4497009829335011
11111110101,0.4500086845284509
11010010111,0.4503556427318718
11100010110,0.4503770941556141
11110000101,0.45059281038990223
11010000111,0.45071743608094234
11110100111,0.45088857180813807
11111000101,0.4511567377606974
11100110101,0.4512325931663402
11000010111,0.45139969454146117
11101110101,0.45178698561179204
11000000111,0.45201941977205656
11011010111,0.45203745221137914
11111100111,0.45209818286094133
11101010110,0.45240835058827833
11011000111,0.45243415945423854
11100000101,0.45263126699586753
11110110110,0.45265813550077777
11001010111,0.45315908642101577
11100100111,0.453210353950579
11110010100,0.4533697018073815
11101000101,0.45339773550573526
11111110110,0.45347772088418603
11010010101,0.45349374052107316
11001000111,0.45377952060639953
11111010100,0.4539998243818852
11000010101,0.4542496327142545
11011010101,0.4545664432175756
11101100111,0.454599438353465
11110011111,0.454676142866315
11010110111,0.4550385104104929
11100110110,0.45514605911308104
11001010101,0.45540517897561983
11100010100,0.45548588856633454
11011110111,0.4557228925140842
11111100101,0.45598312764663507
11000110111,0.4560563130274448
11101110110,0.45611055077216917
11010000101,0.45611654503032584
11101010100,0.4563712959870128
11011000101,0.4564424154237529
11100011111,0.4564433563166162
11001110111,0.4568142295285301
11110100101,0.4568199101242472
11111011111,0.4568562421838077
11110000110,0.4568976288820891
11010010110,0.4569237414344932
11000000101,0.45717248112638365
11111110100,0.4571784720136479
11110011101,0.4574120013417037
11001000101,0.4575313596468408
11010100111,0.4578016637208869
11011110101,0.4578482827876107
11110001111,0.4579568591615834
11110110100,0.45803178253501514
11110011110,0.45806428609853056
11010110101,0.4581467744898874
11011010110,0.45824158646006635
11101100101,0.45829913343816847
11111000110,0.4583132747926054
11011100111,0.45833219254197294
11000010110,0.45857167260183257
11001110101,0.45874740307706285
11101011111,0.45875359591847187
11100011101,0.4588466827632128
11100100101,0.45888982820408103
11110111111,0.45895143597214827
11000110101,0.4589604474919771
11111011101,0.45902443998889914
11000100111,0.4591671140703964
11101110100,0.4594548080157528
11001100111,0.4597634143497958
11111011110,0.4597786434741577
11001010110,0.45995898460201273
11111001111,0.45998953959657113
11100110100,0.46003903195784834
11100001111,0.4601115818494076
11111111111,0.46029959905805334
11100000110,0.4605774294436899
11100111111,0.4606018285313384
11100011110,0.46060935168821304
11101011101,0.4606563113336762
11110111101,0.4614790703441006
11010010100,0.4618477077687744
11011100101,0.4618643707360644
11010110110,0.4620074666090017
11111111101,0.4620792878849999
11101111111,0.46216099718897713
11101000110,0.46217163486156304
11011010100,0.46217332454533633
11011110110,0.4622606067965991
11101001111,0.4622735349756488
01111010111,0.4624946785791887
11101011110,0.4625284687472314
11110011100,0.46265255826658896
11110001101,0.4626988929776125
11100111101,0.4629965088438293
11000010100,0.46304278685526096
11010100101,0.4631121575397383
11001100101,0.46311766313042224
11110111110,0.46320085070723144
11001010100,0.4634640024167159
11111001101,0.46347054592872555
11000110110,0.4634829058898036
11111011100,0.4635065489080907
11010000110,0.4635428276655871
11110100110,0.46359813154425056
11110010001,0.46370049773812744
11001110110,0.463746194265296
11101111101,0.46376905108104327
11110101111,0.46383935512496016
11111100110,0.4638427107867915
11111111110,0.4639645586709828
01111010101,0.46406466189956086
11110010011,0.4640739995247509
11010011111,0.4640741900428158
01011010111,0.46421571800578343
11000100101,0.4642971986204799
11011000110,0.4645721972084701
11100001101,0.4645768817146853
11100011100,0.46467539146888187
11010001111,0.46472737110765006
01101010111,0.46478286744735314
11000011111,0.46478932997807676
11111101111,0.46496057853854017
01011010101,0.4654860926330547
11101001101,0.4655097094052983
11011110100,0.46551024484196957
11000001111,0.465570049272751
11100111110,0.46558077849618923
11011011111,0.46570448985354035
01001010111,0.4657767290424088
11101011100,0.46578807397290295
11111010001,0.46586402993799303
11111010011,0.46586456779360963
11000000110,0.46592519894510226
11100101111,0.46602529947462634
01101010101,0.4660548537506446
11111000100,0.4660994733417436
01111000111,0.4663406647296831
11011001111,0.4663618122874365
11010011101,0.4664161921176961
11001011111,0.4664163798738333
11110110001,0.46648028324189916
01011000111,0.46650847401591294
01111010110,0.4665518147372135
11101111110,0.4665588427594332
11010010001,0.4665641381379217
11110110011,0.4665921756968431
01111110111,0.4667094837594101
01001010101,0.46674384563304594
11001110100,0.4667509869103741
11010110100,0.4667776855795049
11000011101,0.4668300410811343
11001000110,0.46701512486209307
11111111100,0.46702279264888946
11100100110,0.4670873156074264
11001001111,0.46722614196020174
11110000100,0.4672441311560748
11101101111,0.4672925078475667
11101100110,0.4675262904778297
11110000001,0.46757514093516045
11110111100,0.4675857076978883
11110001110,0.46762497044851153
11010011110,0.467706287157078
11011011101,0.4677157226898469
11110000011,0.46772589565565437
01111011111,0.4678348978729879
01011110111,0.46786260269115826
11000110100,0.46791337978773556
11111101101,0.46803209605168067
01111110101,0.4680794636291634
11001011101,0.4681720234819161
11111110001,0.46821927889079457
11111110011,0.4682270713170254
11010010011,0.46827458612790196
11110101101,0.4684214812487436
11010000001,0.4684463557368914
01001000111,0.46847780215533036
11110010000,0.46857208840131753
11010111111,0.46868474054757797
11101010011,0.4688443957613305
11111001110,0.4689199629804607
01101110111,0.46894290592393206
01011000101,0.4689523580940486
01011110101,0.46897331345426735
11011011110,0.46898964628068845
01111011101,0.4690250542350648
11000011110,0.4690271263399939
01111000101,0.4690460712745564
01111010100,0.4690973927109352
11010001101,0.4691429953464675
01101000111,0.46918689484562115
11101010001,0.4692213914923126
11010000011,0.46923821575696
11101111100,0.46925502912638173
11000111111,0.46937115668614793
11100010011,0.4693841527557416
11011111111,0.4693933111302218
11101000100,0.4694206734167159
01001110111,0.46947053400996963
11111000011,0.4694709957858737
11100111100,0.46947702586593915
01011010110,0.46949842312951845
11111000001,0.4695696279007629
01101010110,0.4696147401145712
01101011111,0.4696403933175905
11110010010,0.4697088365285028
11011001101,0.4697331349533535
11000001101,0.46977534130117415
11011010001,0.46983459966324687
11010110001,0.4698904590464115
11011010011,0.47007430372526626
01101110101,0.4701159243379038
11001111111,0.4701634437022453
11101101101,0.47019643036243086
01001110101,0.47035603315784735
11100000100,0.4703581880977805
11001011110,0.4703586915678375
11001001101,0.4703734096121577
11100101101,0.4703870568122294
01111110110,0.47050709443149025
11101000001,0.4705164876246551
11011100110,0.4705487139387108
01001000101,0.47059725822276655
01101011101,0.47063687411638844
11010100110,0.47070446725864656
11111100100,0.4708349023608609
11010111101,0.47098543516584207
11011111101,0.4710452296080234
11011000011,0.47105614282745645
11101000011,0.47110936951472143
11100001110,0.4711177739121285
01111011110,0.47115339640683374
11010110011,0.47121187408394033
01111100111,0.4712175817038228
11100110011,0.4712852837084998
01111001111,0.4713234482065042
11101110011,0.47132436017462553
11011000001,0.4713339524606439
11001000001,0.4714548291380789
11010101111,0.4714893899304516
11000111101,0.47149398425241723
01011100111,0.47153635773658836
11001000011,0.4715388334735992
11011000100,0.47155214684021834
01101000101,0.4715697118076909
11100000011,0.47159691378314417
11001111101,0.47162509187329177
11110110000,0.4716536153905708
01001010110,0.47166717502538
01101010100,0.4716693347985568
11010011100,0.47167439274758605
11000000011,0.4717169811366518
11111010010,0.47173724536723743
11111010000,0.4718103848217731
01011010100,0.4718269980568084
01111111111,0.4718517746285143
11101110001,0.4719007368249553
11011101111,0.47207802703497875
11001010011,0.47214123839802946
11010010000,0.47218351039015516
11000000001,0.47220555945961035
01011011111,0.4722330069228614
11011011100,0.47227754949234385
11110110010,0.4723228806186426
11000010011,0.4723235896004638
11001010001,0.4723248057707264
11011110001,0.47246502092318826
11000101111,0.4724760716519166
11000011100,0.4725461324727031
11100010001,0.4725479474305957
11101001110,0.47256762181064244
11011110011,0.47269892991003376
01111110100,0.47271962767201964
01110011111,0.4727579097070765
11110100001,0.47278908036267847
11010111110,0.4728049631002607
01111111101,0.47282881621427053
11010000100,0.47285434031410806
11110100011,0.4728867978675256
11001100110,0.4729100648026098
11100000001,0.4729233929740996
11000100110,0.47300342772220033
01001011111,0.4730063868978246
01011110110,0.4730382385207207
11011111110,0.47304823374311084
11001101111,0.47310457416579077
11001011100,0.4732095215791962
11000010001,0.4732452513507603
01011011101,0.47333122725629473
01101110110,0.4733779795557868
01011001111,0.47343994781630905
01001010100,0.4735096867079432
11001000100,0.4735432913121709
01111011100,0.4735706145384262
01101001111,0.4735804091668734
11110100100,0.4735929733194505
01001100111,0.4736104950114565
01111100101,0.4736531537559751
01011100101,0.47368852042357545
01101111111,0.473717824049408
01111001101,0.4737306957939239
01101011110,0.4738231166495249
01001011101,0.47382582248171357
11100010010,0.47385780975754244
11000111110,0.4740133204457875
11111110010,0.47404516403391955
11110101110,0.47405315604932374
11111110000,0.4740758276978155
01101100111,0.4740768762067964
11101100100,0.47410338939013075
11101010010,0.47411975371513493
11101010000,0.4741646612563006
11100010000,0.47418096410354615
11100110001,0.4742613678460839
11111101110,0.4743054263132014
11001111110,0.47435187010740937
01100011111,0.474361044060122
11010010010,0.47436744901850625
01001001111,0.47438439678524824
11010100001,0.47443081839198786
11111100011,0.4744412988856084
11111100001,0.47446949557848717
01101111101,0.4745252410083481
11010001110,0.4747193872416584
11000000100,0.47480924145103015
11000110011,0.47492465498666053
01011110100,0.47502978044082944
11011101101,0.475032366099609
01001110110,0.4750773917585811
11001110011,0.47510726392463426
11010100011,0.47512398476100204
01101110100,0.4752552774893968
11001110001,0.47541125210755963
01001100101,0.4755440827435476
01111111110,0.47564038379729423
11011001110,0.475678250346854
11000110001,0.4756864956177492
11010110000,0.47570448631560003
01101001101,0.475746859861839
01101011100,0.475773775831069
11010101101,0.47579684069833644
01011001101,0.4758130534990809
11111001100,0.47581358283152747
11011111100,0.475824816561059
11100110010,0.47586319213396727
11001101101,0.47589275520692426
01110011101,0.47593489382436127
01110011110,0.47603704039207456
11011010000,0.47604109654627086
11000010000,0.4761251322479485
01011111111,0.4762445251500492
11011010010,0.4762684393205316
01101100101,0.47628633353958877
11100110000,0.47639771790763435
01111101111,0.47646685307560965
01111000110,0.4764851457056152
11101110010,0.4765073191747512
01001001101,0.47651382542346615
11011100011,0.47656820738633243
11110001100,0.47658878663328946
01011011110,0.4766056024560001
11000101101,0.4766190499142413
11100100100,0.4766276430940884
11101110000,0.4766447323136493
11101100001,0.4766822707022939
01110001111,0.4766831596255927
11010111100,0.476687693367714
11011100001,0.47669757908498267
11000001110,0.47670045540216655
01001110100,0.4767344536692566
11001111100,0.4767501692178944
11011100100,0.4767915366050372
11100100011,0.47686294879607005
11101100011,0.47692161779855347
01001111111,0.47703113152844395
01011111101,0.4771048868024345
11110011011,0.47710830506912094
01010011111,0.4771293059182471
01100011101,0.47716470091790925
11110011001,0.4771832331177084
11010110010,0.4774069556064927
11100101110,0.4774273035237828
11000111100,0.47753679532851373
11000010010,0.4776311511316366
01111111100,0.4776753716991282
11001001110,0.4777045627765788
11001010000,0.47772514334378563
01001111101,0.47774683946612795
01000011111,0.47785481907120636
11101101110,0.47785807633868227
01011000110,0.4779477119836485
11001010010,0.4779731015615369
11000100011,0.4780209085511225
01001011110,0.47803081750249155
11100100001,0.4780474591909988
11001100011,0.4781977622733076
11000100001,0.47820769982113065
01101111110,0.4782097637498229
11001100001,0.47822032860292846
01100011110,0.47829575490224807
11111011011,0.4783832691364095
11111011001,0.47846783699072354
11011110000,0.47853051721864354
01111101101,0.4785739943043794
01100001111,0.478681239714103
01011011100,0.47876340976162773
11001100100,0.47880036510678614
01010001111,0.47880494691673825
01101101111,0.47881547618909126
11011110010,0.4788440105175071
01110111111,0.47887878304155773
11000110000,0.4789143691793026
11110011000,0.4789539137083602
11101001100,0.478955094227167
01011101111,0.4792543278335883
01110010111,0.47929152947551484
11110111011,0.47946286111102193
01010010111,0.47949005967176067
11100001100,0.47954184318519394
01001011100,0.4797059705126939
01000001111,0.4797604170949935
11110111001,0.47976917617306636
11010100100,0.47978828335092416
01010011101,0.4798524036261489
01101111100,0.47989370296855954
11110000010,0.4799877579311517
11110011010,0.4801177565395996
11110000000,0.48019572566800894
11101011011,0.48025273913213995
01000011101,0.48026844695230925
11000110010,0.4802878259676339
01001101111,0.4803840049566657
11010011001,0.480400489166042
01100111111,0.4804309771316616
11111101100,0.48048965024839246
11001110000,0.4805319285047189
01101000110,0.4806668973166223
01101101101,0.48073745120440103
11111111011,0.4807388344603415
01111100110,0.4807702683281532
11001110010,0.4808014315480526
01011111110,0.48080236346658917
11111111001,0.4808037821814152
11101011001,0.4810150521767128
01001000110,0.4810721898734215
11110001001,0.48108884328531765
01000010111,0.4811360384844217
01100010111,0.48114109760510154
11110001011,0.48116860299961833
01111001110,0.48120429602442816
01011101101,0.48130400621703145
01010011110,0.48132791703641
11100011011,0.4814196489264718
01110011100,0.48145220952183165
11011101110,0.4815141176212322
11010101110,0.4816069841695216
01111000100,0.4816535002205658
11111011000,0.48174800559282377
11000100100,0.4817529108166938
11010000000,0.4817969893475623
11111011010,0.48182625238953813
11111000010,0.4818516655727043
11010011011,0.4818550370528285
11011001100,0.48188773948846775
11010000010,0.48200548104945096
01001111110,0.4821349035984401
01001101101,0.48224208089573756
11110111000,0.48227368146301897
11010001001,0.4823205688599959
01110111101,0.48234074168588237
11111001001,0.48235245033193186
11111001011,0.48240547125770256
01011100110,0.4824508503036203
11100000000,0.4824659781308259
11101001001,0.4825238145625262
01011111100,0.482557693850698
11010011000,0.4825619968651357
01110001101,0.4826000822822504
01000011110,0.4826107891106325
11110101100,0.4826906031508708
11100000010,0.48272339599836583
01011000100,0.4827463582322696
11010001100,0.48283020213469596
11101111011,0.4828960973638979
11111000000,0.48296753591050534
11110111010,0.4829847582317045
01100011100,0.4830556834182902
11101000010,0.4830625899739622
01010111111,0.4830810257924688
11011011001,0.4830905346744296
11101001011,0.4831122072302736
11010001011,0.48312217290100457
11000000000,0.48321510139847657
11101000000,0.4833215494032107
01110111110,0.4833422066722163
11101011010,0.4833616380159457
11100111011,0.48339029501979774
11011011011,0.48340992961056806
11001001100,0.4834777389755676
11001101110,0.483531350266907
01001111100,0.48355314998244103
11101011000,0.4835787056305222
11000101110,0.4835856575467878
01100111101,0.48360389222589556
11010111001,0.48361864259209997
11100011010,0.483640213045555
11101101100,0.48364560350588426
01110101111,0.48378157416499024
11011000010,0.48378805113310475
11000000010,0.48385952877093913
01000111111,0.4838716317434983
11101111001,0.4839136180962833
11001001001,0.484054945545715
01010000111,0.4841730324679907
11100001011,0.4841817509383201
11001001011,0.4841841226532148
11001000010,0.48422124925384025
01100001101,0.48425304623952287
01010001101,0.4843027939458449
11000001100,0.4843953273263926
11001011011,0.4844160729046642
11111111000,0.4844299910370449
01110010110,0.48446271295905347
11111111010,0.4845114279060181
01011001110,0.4845221605539636
11011001011,0.4846274949015576
11011001001,0.48472788977329756
11001000000,0.4847490456474451
11010111011,0.4847712020171104
11000001011,0.4847805775326207
01101001110,0.4848056212328906
01101100110,0.48481515273293496
01110000111,0.4848251742862593
11001011001,0.48488692071360195
11011000000,0.4848925330815043
11100011000,0.4849067039879353
01000001101,0.48498966645682867
11000011011,0.4850298176387094
11010011010,0.48509337348863735
11110100010,0.4851042589887861
01101000100,0.4851791331176032
01010010110,0.48525858810693356
01001000100,0.4852661701727155
11110100000,0.48539578377821496
01100111110,0.48547070637003037
01111100100,0.4854752097090321
01001100110,0.48550720635785594
11100101100,0.48562681943611824
01100101111,0.4857710506918186
11110101001,0.4858156293673277
11011111001,0.48585852676815067
11110101011,0.48588454991157887
11000001001,0.48592520080600393
01010011100,0.48603785843353087
11011111011,0.4860560617312916
01010111101,0.4860699890676144
11100111010,0.486093597033066
11100011001,0.4861272425666064
11010111000,0.4861694505602504
11100001001,0.48627121154911795
11011011000,0.48627476842765344
01111101110,0.48632148387991675
11101111010,0.48632577286969714
01010010101,0.48633564583280653
01000000111,0.48642195963663576
01111001100,0.4864544750929644
01010101111,0.4864595479163707
01000111101,0.48660669227753056
01001001110,0.48662635604429816
11111100010,0.4866287024977174
11101111000,0.4866578625953565
01000011100,0.4867627465685002
01011100100,0.48677450087904217
11011011010,0.48677600384311936
11000011000,0.4868752308208783
01100010110,0.4869587600952926
11111101001,0.48701686757685864
11011101100,0.48704538647033496
11111101011,0.4870757101924566
01110010101,0.487192889330492
11000011001,0.48728322411170827
01100000111,0.4873115485599693
11100100000,0.48737775852584825
11100111000,0.48741084897187514
01000010110,0.4874524964251012
11111100000,0.4874568874214672
01010110111,0.48748466284510383
11001011000,0.48752676113587445
01000101111,0.48755152502889404
01000010101,0.4876046206421648
11001111011,0.48761297133805054
11010100000,0.4876212954915866
11000011010,0.4877415121793115
11100111001,0.48775191604485935
11010100010,0.48776754325883953
11000111011,0.487784313015435
01110001110,0.4878204736108668
11100100010,0.48783709165401273
01110110111,0.4878388371572993
11001011010,0.4878795778434557
11010101001,0.4879694789773342
01010111110,0.48806903587981254
11010111010,0.48823133380203443
11001111001,0.4882339135097348
11101100010,0.48846578638914345
11101100000,0.48863868199201826
01100010101,0.48863900783711306
11101101001,0.488675279342865
11001101100,0.48871510756732967
11010101011,0.4887469946603239
11101101011,0.48877363799581375
11000100000,0.48885718786785676
01101100100,0.48900442461014415
11011111000,0.4890233818599073
01000110111,0.4890740462803896
11011100010,0.48908265156258507
01110111100,0.48912780170344844
11100101011,0.48920445673425994
01000111110,0.48929074265087824
01011001100,0.48931506618317655
01001100100,0.48935415325675236
01101001100,0.4894785238518783
11010101100,0.48949164871197476
01100110111,0.4895419590349904
11011111010,0.48957928952195134
11000111001,0.489726708651295
01110101101,0.4897270654315311
11000111000,0.4897727061892407
11011100000,0.48978219100710213
11000100010,0.48984521910540446
01101101110,0.4898889126038471
11011101001,0.4899973420723492
11011101011,0.4900042857576273
01011101110,0.4900419408923724
11001100010,0.49035197871049535
11110001000,0.49046925421061954
11001100000,0.4905556036900682
11000111010,0.4906401237967641
11001111000,0.4907022122597635
01100111100,0.4907377503943421
11110001010,0.4908140852463642
11001101011,0.49083416947349406
11001111010,0.4909010733145825
01001001100,0.4909158254978841
11001101001,0.49092562195530526
01010001110,0.4909629960634894
11000101011,0.490979443952261
01100001110,0.4909820086943968
01111101100,0.49106484034301817
11000101100,0.4911302906792117
11100101001,0.4912070839660707
01100101101,0.4914343742518016
11000101001,0.49184847008215804
01010101101,0.4919678228901636
01001101110,0.49217654349193674
11010001000,0.4922264578482474
11111001010,0.4923815610130874
01010100111,0.49268981149801383
01000101101,0.49283440568902726
01000001110,0.492974608178361
11100001000,0.49298977771626284
11101001010,0.49300928083513623
01010111100,0.4930959556131578
11100001010,0.49309709410290037
11101001000,0.49310229937964545
11111001000,0.4931053313105889
11010001010,0.4931432101562441
01110100111,0.4933908249109106
01110110110,0.4934373783210171
01010110110,0.49376197370994007
11000001000,0.4938279794184824
01000111100,0.49386718630637844
01101101100,0.49415079960872965
01011101100,0.49430982335291285
11000001010,0.49450228981808236
11001001010,0.4945494529444877
11011001010,0.4947322316422299
11001001000,0.49486446339116147
01000100111,0.49487286392307595
01110010100,0.4949696120245224
01010010100,0.49501606918509433
01110101110,0.49517436857398905
01010110101,0.4952545463491078
01010000101,0.49526663810440275
11011001000,0.49536593558989944
11110101000,0.49542394737035794
01100110110,0.49571106505182416
01100100111,0.4957133623845781
11110101010,0.4957136518112149
01000110110,0.495770503500857
01001101100,0.49602099307348196
01000010100,0.4966227877744602
01000110101,0.49664994078907737
01100010100,0.49681936817801187
01110110101,0.49683957290333025
01110000101,0.4968758642085896
01010011001,0.4968893672301217
11111101010,0.4970624380413412
01000000101,0.49714962532990065
01011010011,0.4971590586252477
11111101000,0.4975493963656411
01110011001,0.49755702256468837
11100101000,0.4977819515205153
11010101000,0.49778293656496914
01110011011,0.4979601833119072
01010000110,0.49802151800759153
01110000110,0.49802414966023
11100101010,0.49814147053947927
01100101110,0.498268581778595
01100110101,0.4983048943284789
11101101010,0.498437363101918
01011011011,0.4984563960953261
11101101000,0.4984983247013626
01010011011,0.49853032704006967
01010101110,0.49854844038382595
11010101010,0.4986995721255304
01111011011,0.49882540479712634
01110011000,0.49887656224513777
01011010001,0.49889008294765363
01111010011,0.4988986770393119
01100000101,0.4989231838260471
01011011001,0.4990741762639645
01110001100,0.49912928745838653
01010011000,0.49912992585101157
11000101000,0.4993087870780293
01011110011,0.49954886767804224
11011101010,0.49993445581424745
11011101000,0.500186570008912
11000101010,0.5003973675404413
01111011001,0.5004811971132325
01000101110,0.5005728441307876
01010001001,0.5005820542383089
11001101010,0.500680384330785
11001101000,0.5007018733683611
01110011010,0.5007239449006647
01001010011,0.500764860758904
01111010001,0.5008073920508584
01011001011,0.5010548606135659
01010001100,0.5012889913488916
01011001001,0.501319003147477
01000000110,0.5014462519380143
01010001011,0.5015009857139298
01011111011,0.5015388011167633
01100001100,0.5015738319044886
01011110001,0.5015766997003112
01111110011,0.5016507562651722
01100000110,0.5017107352506689
01111111011,0.5019029251297111
01011010010,0.5019195686797152
01010011010,0.5020458360714886
01011000011,0.5020752262070304
01011011000,0.5020846970519216
01010111001,0.5021046565636125
01001011011,0.5022811424002357
01111011010,0.5023175496111606
01000011011,0.5025031984792165
01011111001,0.50252571124305
01011011010,0.5025348680214168
01100011011,0.50266937314581
01110111001,0.502681541688377
01011010000,0.5026879133677034
01000001100,0.5027462460595183
01101010011,0.5027735388632202
01110111011,0.5028405316199827
01110001001,0.502855506795025
01111011000,0.5028635737732982
01011000001,0.5030012396376209
01111010010,0.5030455178189089
01101011011,0.5031700618121944
01110001011,0.5031991382193598
01010111011,0.5033582438194444
01001001011,0.5036072600610859
01111110001,0.5036483980244122
01001110011,0.5037209554916002
01010010001,0.5037667870097486
01011110010,0.5037768559504221
01111001011,0.5037776952981727
01111111001,0.5038482675145304
01111010000,0.5041706896659811
01000001011,0.5042301294833377
01010100101,0.5043146184444269
01111001001,0.5044018586928457
01100011010,0.5044178555190348
01000011000,0.5045601305384348
01001010010,0.5048473900731519
01010110100,0.5048719115895808
01011110000,0.5048847803054491
01001000011,0.504948448902878
01111000011,0.5050288753300752
01110010001,0.5050545037281777
01010010011,0.5050595264814832
01000011010,0.505097683726056
01010111000,0.5051417273214036
01111110010,0.5052090159873337
01110111000,0.5052434557978545
01001011010,0.5053737018607878
01011111000,0.5054219612215731
01100011000,0.5054654201180231
01110110100,0.505492419583472
01111111010,0.5055061640156078
01011111010,0.5055130328090857
01101011010,0.5056404172048873
01110010011,0.5057587754812612
01111000001,0.5058011018623373
01000001001,0.505809583932171
01001111011,0.5058256579858503
01000011001,0.5058322218344874
01110100101,0.506045559836435
01101110011,0.5060931210636306
01010100110,0.5061540476711014
01110100110,0.506168482778314
01000100101,0.5062972556153986
01101010010,0.5063518984141024
01011100011,0.5063585573043831
01110111010,0.5063923754786089
01111111000,0.5064425167785943
01111110000,0.5065121337634271
01011101011,0.5065349364727139
01000110100,0.5065353998008819
01110101100,0.5065909702368826
01001001001,0.5066410943112094
01101111011,0.5066524924803486
01100001011,0.506721735017522
01011101001,0.5069159950678445
01101001011,0.5069166415300379
01001110010,0.5072467563110032
01100110100,0.5073392672172579
01010111010,0.5073841019849167
01011100001,0.5074332849512028
01000111011,0.5075782213042035
01010101001,0.5076368232794063
01100011001,0.5076529192823246
01100111011,0.5077251534655068
01001011001,0.5079423084861675
01101000011,0.5079509009450918
01100100101,0.5080901509741536
01000010011,0.5084058072468864
01001011000,0.5084175917336644
01010101011,0.5085157334998825
01111101011,0.5087173743363751
01001111010,0.5087540598252258
01100001001,0.5087794859057126
01010101100,0.5089041339598674
01100101100,0.5090479378131451
01010010000,0.5090624703890837
01101110010,0.5090691641218175
01100010011,0.5092243284090371
01111100011,0.5092326574904188
01101111010,0.5092744316474068
10110010111,0.5092924239154698
01000010001,0.5093421049047081
01110101001,0.5094045760404947
01000100110,0.5094305567294821
01001010001,0.5094538900878395
01111101001,0.5094950443574104
01100100110,0.5096568434243256
01110101011,0.5097204170547172
01101011000,0.5097926978544741
01101011001,0.5098051464858455
01101001001,0.5098096828648652
01110010000,0.5098495010699308
01001000001,0.5099233242910299
01100010001,0.5100494962210192
01111100001,0.5100917100745216
01000111000,0.510135880441247
01010010010,0.5102421457921018
01100111010,0.5102509906393589
01001101011,0.5102959839314698
01000101100,0.5104540351373213
01001100011,0.5104991595899939
01110010010,0.5105879133439403
01000111010,0.5106036750832378
01000111001,0.510640349261505
01101010001,0.5106465815812218
01001010000,0.5109036803112935
01100111000,0.511339945703635
01101000001,0.511487610031146
01010110001,0.5116305580100398
01000010000,0.5120505468338505
10110010101,0.5121029423196939
01001111001,0.5121535848669923
01011001000,0.5121931440913509
01010110011,0.512217646181075
01000101011,0.5122262707926467
01101010000,0.5122286856480713
01100111001,0.5123441424853055
01001111000,0.5124521700414953
01010000011,0.5125696242621118
01010001000,0.5125764315652303
01011001010,0.5126736354500369
01010000001,0.5126740130561791
01100010000,0.5127501666588549
01101101011,0.5130376530256177
01000010010,0.5130585175940631
01110110011,0.5132025170469965
01110110001,0.5132074372389911
01001110001,0.5132109566195294
01101100011,0.5134724354502118
01100010010,0.5134870800001166
01110000011,0.5135315448199782
01010001010,0.5135380047190461
10100010111,0.5135586740989163
01000101001,0.5136326496862834
01110001000,0.5137272641461542
01011000010,0.5137433861292577
01011000000,0.5138198737397496
01101111001,0.5140092580664705
01001110000,0.5140233267562904
01001101001,0.5141201889666118
01101111000,0.5141212833807551
01100101011,0.5141686740423452
01110000001,0.514177374765414
01110001010,0.5142314637237712
01111001000,0.5144623216824991
01111001010,0.5145294193254673
01001001010,0.5145375740381654
01101110001,0.514619559615751
01000001000,0.5147908637797124
10111010111,0.5150191138353042
01000000011,0.5154536371443665
01001001000,0.5154611263845165
01000000001,0.515501952476437
01101110000,0.5155220160199399
01000001010,0.5155470984902383
01111000010,0.5158717755253897
10100010101,0.5158774104365411
01001000010,0.5159508609571625
01111000000,0.516020810336215
10110110111,0.5161504594706298
01100000011,0.5161844536126999
01100000001,0.5162059193383267
01100101001,0.5162200483544714
01010000100,0.5163921489443283
01100001000,0.5165058834801565
01001100001,0.5165288327794784
01000110011,0.516648076919962
01100001010,0.5168531833826276
01101001010,0.5168590556470514
01101101001,0.5169935019051525
01110000100,0.5170561482955458
01011101000,0.517124204724092
01011100010,0.5172071785893728
01000110001,0.5173147305613679
01011100000,0.5173711296196953
01010110010,0.5175648727463219
01100110011,0.5176426379407284
01010110000,0.5176572213059303
01011101010,0.5176624255934481
01101001000,0.5179142767007914
10111010101,0.518026057818515
01110110010,0.518143116986675
01101100001,0.5181568676698332
01101000010,0.518177791344799
01001000000,0.518223590703954
01100110001,0.518264962635459
10010010111,0.5185593010818202
01110110000,0.5187817918560892
01000000100,0.5191021535781023
01111101000,0.519111952001177
01111101010,0.5191467139823094
01111100010,0.5191898948269329
01111100000,0.5194136293451698
10010010101,0.5194669316078142
01010101000,0.5195176047242115
10101010111,0.5197566455765004
01101000000,0.519802466929693
01100000100,0.5199106689278045
10100110111,0.519916318540153
10110110101,0.5199832576362035
10111110111,0.5203329436602425
01010101010,0.5204204756180077
01110101000,0.5204857143874405
01001101010,0.5205081426840569
01001100010,0.5205416982754787
01000110000,0.5205881149081507
01010100011,0.5206719496192909
01110101010,0.5208461838751041
01010100001,0.5211551540247071
01000110010,0.521206520394317
01100110000,0.5215610338663711
01110100011,0.5216213318062648
01001101000,0.521760917646713
01100110010,0.5218949694828984
10000010111,0.5219707549849734
01000101000,0.5220102200072549
10101010101,0.5224645775885329
01101101010,0.5224782613662065
01110100001,0.5226646244768247
10000010101,0.5226855495752764
01101100010,0.5226953613403156
01000101010,0.5231654338549431
10100110101,0.523466612776016
01001100000,0.5235627851717707
01100101000,0.5235759798931541
10111110101,0.5235880738880393
10011010111,0.5236291727801785
01101101000,0.5241061279725778
01100101010,0.5241727891434231
10101110111,0.5245738203415711
01000100001,0.5250907118182847
01000100011,0.5251316182121684
01101100000,0.5251504788975083
10110000111,0.5252109627347691
10011010101,0.5252650352092879
01010100100,0.5254519416854107
10010110111,0.5256869713294313
01100100011,0.5258797687454416
01100100001,0.5258800775998613
01110100100,0.5262159348654457
01010000010,0.5266007923573931
01110000010,0.5268899137674151
10001010111,0.5274507750262372
10101110101,0.527625030418677
10010110101,0.5278338079200684
01000100100,0.5281960887977698
10000110111,0.5286101816285332
10011110111,0.5287406783134677
01000000010,0.5287933799272266
01010000000,0.5289061287388152
01100000010,0.528945865050888
10001010101,0.529044814751308
01100100100,0.529047804706228
10110011111,0.5292415828057861
01000000000,0.5294129416416793
01110000000,0.5296203911495394
01100000000,0.5298964609182917
10111000111,0.5301749475590805
10000110101,0.530719842572688
10011110101,0.5307321137781401
10110011101,0.5311353335872584
10100000111,0.5313535320349666
10010000111,0.5316093206279464
10001110111,0.5321233233171992
10110010001,0.5330108431712617
10110000101,0.533290396437019
10110010011,0.53339795428721
10110100111,0.533703795249475
10001110101,0.5341608876114895
01010100010,0.5342256918795074
10111010001,0.5343785966429491
10111010011,0.5343790572259125
10100011111,0.534437871227226
10111011111,0.5344432380052587
01110100010,0.5344798868340436
10110111111,0.5345028179435031
10010010001,0.5350705380589759
10101010011,0.5353918016282213
10101010001,0.5355454361451718
00111010111,0.5355500260091842
10100011101,0.5357628911178177
10011000111,0.536026374284029
10100010011,0.5362754497700792
10111011101,0.5367239386751723
10010010011,0.5367541281462083
10101000111,0.5367727436370928
10000000111,0.5368736991348098
10111100111,0.5369460642159359
00111010101,0.5370654115580161
10010000101,0.5371876364501885
10110111101,0.537290004412142
01010100000,0.5372991337757331
10111000101,0.5373806209964073
10010011111,0.5376013940051909
00011010111,0.537607225917648
01000100010,0.5377182848923204
01100100010,0.5378418851812018
10010011101,0.5378980136700299
10011010001,0.5379617428023272
01110100000,0.5380286005470803
00011010101,0.538082284662393
10001010011,0.5381790014620514
10001010001,0.5381841590037602
10011010011,0.5382172272114997
10110110011,0.5382796642059658
10110110001,0.5383381233643721
10111111111,0.538382387986732
01000100000,0.5383848461745675
10100010001,0.5384225565407462
10000010011,0.5384452833516059
10110010110,0.538529658858988
10000010001,0.5386200958146858
10100000101,0.5387737213440925
10100100111,0.5388527823680942
01100100000,0.5389069244768746
10100111111,0.5392766937996151
10111110001,0.5393734243671331
10111110011,0.5394267117390729
10101011111,0.5400367551575158
10100110011,0.5406312697127232
10101110011,0.5408079255022945
10111111101,0.5408118196803959
10010100111,0.5409364998171577
10101110001,0.5409621966703735
10011000101,0.5412157746994001
10010110001,0.5413537887107349
00111110111,0.5413744111473815
00101010111,0.5414151841986862
10000011101,0.5414553104819438
10000011111,0.541486867710178
10001000111,0.5416962633708449
10100111101,0.5417293769026825
10101011101,0.5419299060426761
10000000101,0.5420685269387298
10010110011,0.5421572334163454
10110100101,0.5422442384779503
10011011111,0.5424060938010151
10100110001,0.5424851229910282
00101010101,0.5425013246446208
10101100111,0.5425799489355726
00001010111,0.5425872002897729
00011110111,0.5426986589683584
00001010101,0.5429116659934744
10111010110,0.5431261736934775
10100010110,0.5432314799605321
10011100111,0.5432790298503533
10011110001,0.5433653089406659
10011110011,0.5434502351592778
00111110101,0.5434541270951126
00111011111,0.5435536569911055
10101111111,0.543563763134243
10101000101,0.5435939676972862
10011011101,0.5436025724170637
10010111111,0.5436385695311514
00011110101,0.5436691146720094
10000110011,0.5437685447595811
10111100101,0.5438030225128424
10110010100,0.5438746258020315
10000110001,0.5440281316967099
10001110011,0.5441625299637421
10001110001,0.5442832575873557
00111011101,0.5447321712243018
10010111101,0.5450161054188749
10000100111,0.5454120175140273
10110001111,0.5456514661784236
10101111101,0.5457924500930258
00011011111,0.5458344195355892
00011011101,0.5460353509730073
10110110110,0.5461186954702573
00110011111,0.5464424995383789
10001011111,0.5466140776226528
10011111111,0.5466897082548702
10001000101,0.5467529765731051
00101110111,0.5467746567775584
00110010111,0.5469537623198611
10100100101,0.5470102434522862
10000111111,0.547172816549782
10010100101,0.5471828243714355
00001110111,0.5473134852732465
10001011101,0.5476577665014876
00010010111,0.5477517589235191
10111010100,0.5477677575177639
10100010100,0.5479824960728965
10111110110,0.5479860658044212
10011111101,0.5481828877023052
10101010110,0.5482067234866737
10011100101,0.5482086137421632
10001100111,0.5482317405664532
00001110101,0.5482722503851287
10000111101,0.5484603575565254
00101110101,0.5485645716569882
00111111111,0.548598280313932
00010011111,0.5490812333506988
10101100101,0.5493132186678963
00101011111,0.5493168982725053
00110011101,0.5494027259624045
00101011101,0.5500237910620066
00111111101,0.5500442488850927
10111001111,0.5501438766461213
00001011101,0.5502412281991238
00001011111,0.5503009454768341
10100110110,0.5504223397988004
10010010110,0.5504737022688515
00010011101,0.5505972504226266
10001111111,0.5506556109716171
10010001111,0.5511226018186867
00011111111,0.5511538008536482
10000100101,0.5514612717628209
00011000111,0.5514861109395297
00100011111,0.5515836907128515
00111000111,0.5516281280106484
00011111101,0.5516878954328812
00100010111,0.5517080528991204
10001111101,0.5520679590482772
00000010111,0.5521255636200632
10110110100,0.5521832478638148
10111110100,0.5523398338609844
10101010100,0.5524247691111029
10110001101,0.5525719261361607
10110101111,0.5526680198026128
10101110110,0.5527237590437931
00010010101,0.5527967134088935
10100001111,0.552830781457391
00000011111,0.5531062866253063
10001100101,0.5532187926799647
10010010100,0.5538495039091057
00100011101,0.5538564861864518
00101111111,0.5539752464170818
00110010101,0.5540066157452483
10010000001,0.5540686883616436
00000011101,0.5542167327385785
10110011011,0.5542555105246763
10110011001,0.5543045010507587
10011010110,0.5546779708630645
10111011011,0.5547042062951109
10000010110,0.5547080272259095
10111011001,0.5547238819810304
10110000001,0.5547734812041236
10101011011,0.5548563249517463
10100010000,0.5549518721322463
10010011001,0.5550275729722703
00011000101,0.5550524898152581
00101111101,0.5551469807944367
10110010000,0.5551834768814651
10101011001,0.5552180626167385
10110000011,0.555241614503212
10011001111,0.5553049021766948
00110111111,0.5553754654544486
10010000011,0.5553853708036445
00001111111,0.5553971587281671
10110011110,0.5555003657595512
10111101111,0.5557167285515371
10010001101,0.5557758630337138
10111000011,0.5558447364484634
00001111101,0.5558576248663939
10000000001,0.5559341282268274
10100110100,0.556018252747435
10100011011,0.5563920852877385
00111000101,0.5564002119425364
10111001101,0.5564728783574416
10011000011,0.5564826061049348
10111000001,0.5565370588111812
10001000011,0.5565721330005928
10010011011,0.5565831080010795
10110010010,0.5567578651610711
10001000001,0.5567797364413636
10101110100,0.5568048272309829
10001011011,0.5568544465497024
10000001111,0.5569097655868152
10011000001,0.5569335521075915
10101000011,0.5569423269202547
10000000011,0.556947599863744
10001011001,0.5570196066789268
10101000001,0.5571020371393159
00000010101,0.5572634170949878
10011011001,0.5573655995637989
10110111011,0.5575854398247028
10000011011,0.5576025686186793
10100010010,0.5576782062422684
10011011011,0.5576953596113103
10100000001,0.5577054093796121
10011010100,0.5577415768359174
10101001111,0.5577601193429955
10000010100,0.5577911867694088
10100000011,0.5578564842935787
00111100111,0.5578743950974603
10010110110,0.5579543270142088
00011100111,0.5579803712292919
10110111001,0.5580377426390248
00010111111,0.5581321364752272
10111111011,0.5584600367773886
10111111001,0.5584800090480568
00100010101,0.558558677131137
00001000111,0.5586796309949885
10000011001,0.5588171548218022
10100001101,0.5590009523552543
10011110110,0.5590419652157173
10100101111,0.5590859568636514
10101111011,0.5590988910461905
10001010110,0.5592221080048596
10010101111,0.5592549459863451
10111010010,0.5593208940204283
10111011110,0.5594830580080182
10100111011,0.5594965748884513
10101111001,0.5595440981807539
10101010010,0.5595899789637349
10111010000,0.5596014566003789
00110111101,0.5596078921688292
00101000111,0.5596532487650836
10101010000,0.5597101792814135
10000010000,0.5597759194737378
10100011001,0.5598346810790655
00011001111,0.5598393739942242
10011001101,0.5598595578145167
10110101101,0.5598967715151837
00100111111,0.5599867189694361
10010111001,0.5601470003904175
00111001111,0.5602869962818477
10110011100,0.560521896928404
10010010000,0.560739144273641
10010111011,0.5609128680023774
00010111101,0.5609391280835351
10100011110,0.5610418337456602
10000001101,0.5610556207129221
10100110000,0.5611774736201899
00010110111,0.5612123065626877
00111010110,0.5612529690404335
00011100101,0.561403256603839
00110110111,0.5614156608903096
10001001111,0.5614646436737449
10111101101,0.5616221544100892
10011101111,0.5616296050920997
10110110000,0.5617612298586855
00000111111,0.5617660708435686
10000110110,0.5617685468917966
10110100001,0.5618050537705402
00001000101,0.5618507038405841
10110100011,0.5619266034387052
10011111001,0.5619729383867813
10000111011,0.5620050033999419
10011110100,0.5620736387415933
10001111011,0.5620828449836566
10110110010,0.5620838556417721
10011111011,0.5621009403038225
10001010100,0.562139934121097
10100111001,0.5623453574255108
10010100001,0.5623990626240405
10110111110,0.5623996829108446
10001111001,0.5624051717225884
10100110010,0.5624404022769259
10010110100,0.5624746128114374
00111100101,0.5625618319611372
10101101111,0.562599179301944
10111100011,0.5626696791479715
10000111001,0.5630609801107777
10010100011,0.5631636432613506
10111100001,0.5631934714777668
10001110110,0.5632738181398518
00111010100,0.5634014220951379
00011001101,0.5634123826278753
10101001101,0.5636091968597697
00101000101,0.5637177888313014
00100111101,0.563723264000606
10000100001,0.5637640179477018
10111110010,0.5637948506840827
10111111110,0.5638758042442406
10111011100,0.5638824740347105
10010010010,0.5639174001034737
10100100001,0.563987744385856
10111110000,0.5640748277899461
10011100011,0.564083963352645
10101110010,0.5640923597922559
10101110000,0.5641957097937622
10000010010,0.5642988642480453
10101100011,0.5643117771067536
10100100011,0.5643157232462063
00000111101,0.5643389187010268
00010001111,0.5643465759733082
10101100001,0.5643905761741268
10011100001,0.5643950313149882
10010101101,0.5644075604308051
00110001111,0.5644099141680247
00001100111,0.5644855547168006
10000101111,0.5645149009310301
10000100011,0.5649088644319978
00000110111,0.5649391173992061
00010000111,0.5649783674173205
00101100111,0.5650134568872542
10001100001,0.5651180939747351
10001100011,0.5651336271867826
00111001101,0.565258519799033
10101011110,0.5653342540091005
10100011100,0.565351391439205
00100110111,0.5653924983154445
00110000111,0.5656841103509341
10001001101,0.565752702502328
10100101101,0.5658111092152174
10011101101,0.5658513164463511
00111110110,0.5658915624259205
10000110100,0.5661366132116173
00011010011,0.5662601394474114
10001110100,0.566298037939947
00011010110,0.5663458319760565
00001001111,0.5664424779830821
10001010000,0.5664888181043788
10011010000,0.5666129539108724
00111101111,0.5666482912720028
10001010010,0.5666630119965385
00001010011,0.5666777597543313
10011010010,0.5669590759003044
10000110000,0.5670725307263444
00101010110,0.5670983055713407
00011101111,0.5671779844335575
10001101111,0.567327458924191
00011010100,0.5674761595678272
00011010001,0.567557286964498
10100111110,0.5677561815025043
00001100101,0.5677568835645262
10010011110,0.5679938776451289
10010110000,0.5679985382651188
10111111100,0.568131048338587
10110111100,0.5682030067247702
00111110100,0.5682255685921906
00101001111,0.5682556199933352
00111010011,0.568263698312999
10101101101,0.5682827685973243
00101010100,0.5689186649636444
00010110101,0.5691963487610436
10101011100,0.5692347267279939
00101100101,0.5692658664526373
10010110010,0.5692862810971994
00101010011,0.5692985970537668
10000101101,0.5693185531618952
10000110010,0.5694201095919692
00001001101,0.569575526424961
10101111110,0.5696640073964307
00010010001,0.5697386285824362
00111010001,0.5699877250684955
00010011001,0.5700437614176858
00111011110,0.5703593966212777
00011101101,0.5703932686439187
00011110110,0.5704112438893297
00000001111,0.5704370313490938
10001110000,0.5707363321852853
10011110000,0.5707395037692115
10011110010,0.570857035958333
10001110010,0.5709046084080274
00011110011,0.5709721249995481
00111101101,0.5712501233576991
00010010011,0.571296184888088
10010011100,0.5713401261807846
00000010001,0.5713617421639186
10001101101,0.5714710521462047
00000010011,0.5715228170927414
00101110110,0.5715281466762138
00010001101,0.5715386865492472
00011011011,0.5715856717792757
00000000111,0.5715914721760603
00011011001,0.5715951469774969
00110010001,0.5716018977177331
10011011110,0.5716057305388652
00001010110,0.5716083840164783
00100001111,0.5716492918378395
00110110101,0.5716905816739047
00010011011,0.5717236835338582
00011110100,0.5717802251979458
00001010001,0.572389785988504
00100000111,0.5724873703167167
00101001101,0.5725252188084181
00110010011,0.5725279028962529
00001110011,0.5725440319125471
00001010100,0.5726125858886522
10000011110,0.5726955690871034
00011110001,0.5727151402397828
10100111100,0.5729428978306211
10110011000,0.5729962198725348
00100010011,0.5729971492551766
00111011100,0.5730857705775051
00100010001,0.57314823591726
00000110101,0.5732687053525162
10100011000,0.5732758668796055
00001011011,0.5732768233336579
00110010110,0.5733157477484975
00001101111,0.573411022402182
00000011011,0.5734604251413747
00110011001,0.5734623932151433
10101111100,0.5734886470589955
00111110011,0.5735935328601224
00101110100,0.5736241557728082
00110001101,0.5736711131917939
00101101111,0.5739764464520053
00110011011,0.5739809210544241
00110101111,0.5741263212091692
10010001001,0.5741563621491865
00110011110,0.5742000701437981
00111011011,0.5744487721034748
10011011100,0.5747133752849487
10010111110,0.5747136165797362
10110011010,0.574768822530605
00101010001,0.5748644143521667
00010101111,0.5749661619557367
00000011001,0.575089173846018
00111110001,0.5752850724282232
00001110110,0.5754501441364507
00010010110,0.5755411562416883
10100011010,0.57556763709243
00101110011,0.5755688462671905
00111111110,0.5756510339898133
10000011100,0.5756532488182029
00111011001,0.5756589441007746
10011111110,0.5756603533012407
00100110101,0.5757455106028234
10010001011,0.5757794658823733
10001001011,0.5759084296841291
10001001001,0.5759946842155367
10000001001,0.5761666858796597
10110001001,0.576187375127409
00101011110,0.5763392650020307
00100011011,0.5763657059879175
00001101101,0.5763681914359011
10011001011,0.5765228233782
10001011110,0.5766304773756132
00011111011,0.5766408704665744
10011001001,0.5766452671991672
00001011001,0.5766684604199028
10000001011,0.5767570687003627
00001110100,0.5768159766240557
10110001011,0.5768220182100186
00101011011,0.5768395072480269
10111001011,0.5768773159060591
10101011010,0.576909188780653
10101011000,0.5769236739622209
00000001101,0.5769415263585638
10111011010,0.5769532303865595
10111011000,0.5770130544820775
10101001011,0.5772565055712727
10111001001,0.5772693643698037
10101001001,0.5772828294710772
00011111001,0.5774471253349721
00011011110,0.5774503025542825
00010000101,0.577768646141451
00101101101,0.5781359604636602
00100010110,0.5782604400123579
10000011000,0.5782777533847437
00010100111,0.5782987379100782
00111111100,0.5783763568942715
00010111001,0.5784989054117384
00101011100,0.5786075922635336
00001110001,0.5786769844651404
10011111100,0.5786908370062732
10010011000,0.5787688434052792
10100001011,0.5788262637814726
10100111000,0.5789230566824288
00001111011,0.5789322282538215
00110100111,0.579022916893163
10110111000,0.5790398182093237
00111111011,0.5790774540298879
00011011100,0.5791414312415579
10100001001,0.5792235407302033
10010111100,0.5792273488160279
10000111110,0.5792532064364775
00010111011,0.5793582154388508
10001011100,0.5794629803715536
10110111010,0.5794970598035504
00100011110,0.5795856677983133
00100011001,0.5797303091052167
00100001101,0.5798834588544198
10100111010,0.5799377180788349
00000010110,0.5802110153094818
00110000101,0.5802356309349306
00110011100,0.5802560073265863
00000101111,0.5804739025085985
00100101111,0.5805338839457314
10001111110,0.5805575041714145
00111111001,0.5807005251516809
10111111010,0.5810646069963459
00110111011,0.5810806816081299
00110111001,0.5811167569249807
00101110001,0.5811291695747097
10111111000,0.5811687437247193
00010011110,0.5811965325857877
10010101001,0.581211941036035
10101111010,0.5812397460783255
10101111000,0.5813022877776505
00000111011,0.5813113275223217
00101011001,0.5814792238323221
00101111110,0.5815172911864023
10110101001,0.581695941884991
00101111011,0.5818698694324758
10110101011,0.5820870014136399
10010011010,0.5821853961679315
10000011010,0.5823886088079686
00011111110,0.5823958245363976
10010101011,0.5824248230230495
10111101011,0.5824800922506523
00001011110,0.5825957465006727
00110010100,0.5826120555116836
10111101001,0.5827460040949376
00000111001,0.582759176664192
00010010100,0.5827622317146282
00010101101,0.5827955115557323
10000101001,0.5828810513131915
00001111001,0.5830946293185097
10011101001,0.5831675786661522
10011101011,0.5831837304050168
10000111100,0.5834508570607954
10001111100,0.5835049554760686
10001101001,0.5835740442816559
00100111011,0.5836122857137298
10101101011,0.5836260469606033
10101101001,0.5836447053559835
10001101011,0.5836722139868343
10000101011,0.5837647659963677
00000100111,0.5838136815590815
00101111100,0.583950175417427
00110101101,0.5839782747896831
00001011100,0.5839854581318442
00000000101,0.5839907098840086
10001011000,0.5840025055699928
10100101011,0.5841439520612527
00011111100,0.5841661781717444
00010110001,0.5842019512644856
10001011010,0.5842253043594486
10100101001,0.5842433771794957
00010110011,0.5843179366389326
10011011000,0.5843186032389122
00100100111,0.5845934423227412
10011011010,0.5848770508140976
10000111000,0.5848951822659827
00100011100,0.5849829241557816
10010111000,0.5853435378200528
00110111110,0.5855171815436424
00010011100,0.5856276630002153
00000110001,0.5856962478868728
00000110011,0.585726517016367
00000011110,0.5858680228605245
00110110011,0.5862046621652794
00100000101,0.586317296107356
00100111001,0.5863821229516332
00110110001,0.5865990107661808
10010111010,0.5869435940368127
10000111010,0.5870466372470051
00101111001,0.5871026908978859
00001111110,0.5874857727986126
00100110011,0.5877155316840723
00000101101,0.5877612478122949
00100110001,0.5877748924375625
00100010100,0.5877750751458636
00000010100,0.58791328536709
00011000011,0.5880909198950688
10001111000,0.5881109093437693
00011010000,0.5881213387851939
00001010010,0.5881710333358985
10011111000,0.588204435697991
00011000001,0.5882189827214314
00111010010,0.5882354942601422
10001111010,0.5882825378255707
00101010010,0.5884299981384274
00111010000,0.5884547170792717
10011111010,0.5884977824458602
00011010010,0.5886808247392564
00001111100,0.5890922178976542
00001000011,0.5892438421089409
00001010000,0.5895380922227752
00100101101,0.589615505125569
00000011100,0.5899236534425294
00110110110,0.5899773019624012
00101010000,0.5904900842047722
00100111110,0.5905314913252594
00010110110,0.5910823576826663
00111000011,0.591378187098922
00010111110,0.5916795264943437
00111000001,0.5916994696409574
00001000001,0.5917047974773126
00000010000,0.591709743520538
00010010000,0.5917363857453084
00011110010,0.591926185323762
00111110010,0.5920905470926623
00011110000,0.5921338164889437
00001110010,0.5921903383664203
00011001001,0.5921943361232017
00010001001,0.5922501731715115
00100010000,0.5925994527109367
00110010000,0.5926603493179395
00111110000,0.5927721571711002
00000010010,0.5927909503855124
00101110010,0.5929434895443035
00101000011,0.5929618866056895
00011001011,0.5929673567459631
00110010010,0.5929995004173036
10110000110,0.5930024255071911
00010010010,0.5930233363365643
00100010010,0.5930404002063153
00110111100,0.593062149969018
00010100101,0.5930828351945162
00110011000,0.5931922270358504
00010001011,0.5937918143342285
00011100011,0.5938057598435141
00100011000,0.594074997141177
00011100001,0.5941415757899504
00001110000,0.5941662159612435
00100110110,0.594221181189112
00010011000,0.594476742437501
00000011000,0.5944932569327489
00101000001,0.5948457709192769
00001001011,0.5949504291656581
10111000110,0.5950726193347077
00110011010,0.5950803306873362
00000001001,0.5951529264755346
00000110110,0.5951538473986716
00101110000,0.5954005079878862
00111011000,0.5954767323152091
00000001011,0.595675187680423
00110100101,0.5956766590860323
00001001001,0.5958518648524627
00111011010,0.5959452054453529
00011011000,0.5959618294316934
00010000001,0.5960141147742132
00100011010,0.5960588037334319
00010000011,0.5961319162466889
00000111110,0.5961493747479698
00001100011,0.5964149481936855
00000000001,0.5966684171350164
00111100011,0.5968461622835687
00101011010,0.5969108882473387
00000000011,0.5970615417211302
00001011000,0.5971872339209815
00111100001,0.5972466870461923
00100111100,0.5976164494810043
00101011000,0.5976265495835822
00110000011,0.5976708440065102
00010111100,0.5977092277837412
00010011010,0.5977217430534592
00011011010,0.5977460257759074
00110001001,0.5979382361769658
00001011010,0.5980308833064975
00000011010,0.5980934117307293
00110000001,0.5981521818782239
00111001001,0.5984439609127458
00000100101,0.5985174759529603
00111001011,0.5985222129920229
00110001011,0.5986401242508529
00100000001,0.5986412125325211
00100000011,0.598688686121448
00001100001,0.5993893943878483
00011101001,0.5995231413744307
00101100011,0.5998334110988348
10100000110,0.5999699456492205
00011101011,0.6001037227036308
10111100110,0.6001757878792376
00111111010,0.6008261558393758
00100100101,0.6008666331581214
10110100110,0.6009626294688387
00111111000,0.601073135193137
00101001011,0.6011747395134563
00011111000,0.601236096629062
00100001011,0.601238500091897
00100001001,0.6014693523025421
00010110100,0.6014892640970505
00000111100,0.6018718037477443
00010101001,0.6021045559933166
00101111010,0.6021242426663491
00011111010,0.6021729853166978
00101100001,0.6022914457632942
10010000110,0.6024115951682167
00101001001,0.6024662718481434
10101000110,0.602498518625382
00110110100,0.6025123362740898
00001111000,0.6026709555522172
00001111010,0.6027785656197878
00001101011,0.602990159597627
00010101011,0.6031996023824101
00101111000,0.6034658214968386
10011000110,0.6039807753360501
00001101001,0.6041516277187777
00110111000,0.604237399584055
00110111010,0.6045053128247454
00111101011,0.604554847592745
00111101001,0.6046211917904057
00100111000,0.6047154811481339
00000101001,0.604877696302001
00000111000,0.6051985616330994
00010111000,0.6053210450914004
00100111010,0.6054033919008133
00000101011,0.6056678462891331
00000110100,0.6061910070473271
00010111010,0.6065216192628705
00110101001,0.6066191774614851
00000111010,0.6069266974782848
00110101011,0.6069884256535449
10101100110,0.6071625490216706
00100110100,0.6071649476261204
10100100110,0.6072807028980105
00010110010,0.6073360703463118
00000110010,0.6077099569033425
00101101011,0.6080547116510516
00110110010,0.608107527494583
00100110010,0.6086871273696728
00010100011,0.6087451819488269
00000110000,0.6088470744043558
00010110000,0.6088514141122965
10000000110,0.6089653793966094
10011100110,0.6094784487340119
00101101001,0.609803410676024
00010100001,0.6098532651239784
00100101001,0.6100620699389476
00100101011,0.6100669833212188
00110100011,0.6102144653925412
00100110000,0.6102695562952715
00110110000,0.6104191460243763
10110001110,0.6104661707278545
10010100110,0.6107947770229807
10001000110,0.6109818357561037
00000100001,0.6110107904779913
10111000100,0.6111124772536036
00000100011,0.611124869148351
00111000110,0.6113244129914926
00110100001,0.6119163562794481
10111001110,0.6119816465541172
00100100011,0.6126460972915703
00100100001,0.6129282930101251
10110000100,0.6130172460487514
00111100110,0.6146839271822405
10111100100,0.6147692778066539
10110000010,0.6150238764032581
00011000110,0.6150390322542418
10100000010,0.6150629465131247
10001100110,0.6161726572538528
10111101110,0.6164572141132363
10111000010,0.6168661978344684
10000100110,0.6169227389797891
10101000010,0.6169928835762603
10110101110,0.6174104901542091
10011000100,0.617502816664893
10100000000,0.6176533747024874
10100001110,0.6181663074800778
10101000100,0.6187210196117854
00011100110,0.6189957339732481
10110000000,0.6194730077621472
10000000010,0.6194978458461472
10010000010,0.6195060156871499
00101000110,0.6198245654712664
10010000100,0.6199451516830251
10100000100,0.6201579752215495
10101001110,0.6201967468422253
10010001110,0.6203231327907043
10100100010,0.6206777972393156
10110100100,0.6210775824874577
10110100010,0.6214412439039336
10011001110,0.6214602070536022
10001000010,0.6215113728686493
10011000010,0.6215310094922526
10011100100,0.6215384441352241
00111000100,0.6216075091092789
10101100010,0.6219872019667525
10101100100,0.6220730835646759
10111100010,0.62226121932211
10111000000,0.6225189495444043
10101000000,0.6227518631676761
10000000000,0.6227605566506592
00101100110,0.6229904204708089
00001000110,0.6230075341055489
10010000000,0.6231208622597388
00111100100,0.6235541776750347
00111001110,0.6239732582971829
10100100000,0.6240235466618962
00011000100,0.6242675571124304
10101101110,0.6244903809298679
10100101110,0.6247520890464782
10001000100,0.6249170355447612
10000100010,0.6259774131349994
10101100000,0.6261177248465611
10011000000,0.6262426142707725
10011101110,0.6263500626103599
10010100010,0.6264209276966964
00001100110,0.6267560139375998
10110100000,0.6267561405761553
10111100000,0.6267999754016623
00011100100,0.6268316111201383
10001100010,0.6269749581732744
10001000000,0.6270323194475136
10000000100,0.6270343290143939
10011100010,0.6270746739993135
10000001110,0.6273735115884258
10100100100,0.6276263319632819
10010101110,0.6277226501459333
10111001100,0.6278834197601402
00111101110,0.6286037613120367
10010100100,0.6286074277734853
10001100100,0.6287611636974951
10001001110,0.6289747871997923
00011001110,0.6291249798969103
00101000100,0.6301416838807546
10110001100,0.6302089504310542
10000100000,0.6302463227267214
10011100000,0.6305534090809646
10001100000,0.6305738107928339
10111101100,0.6311144638255725
10010100000,0.6311619951028504
00110000110,0.6319075498157044
00101100100,0.6321024846322687
00001000100,0.632459371610906
00101001110,0.6324745691138492
00010000110,0.6327761774591223
00110001110,0.6331121167011273
10110001010,0.6332719132563077
10100001010,0.6334554053132309
10001101110,0.6338179136066917
00011101110,0.6343611536016039
10000101110,0.6346076793045783
10111001010,0.6347419101131702
10101001010,0.6348353142669121
00001100100,0.635006838186837
10011001100,0.635122276456061
10000100100,0.6352694073848294
10101001100,0.636101061796518
10100001000,0.6361433042813108
00111001100,0.6367836725129351
00001001110,0.6368885695190211
00101101110,0.6370220933782935
10110001000,0.6371895362201654
10110101100,0.6374345405454397
00010001110,0.6377104134350182
10010001100,0.6378854147975426
10100001100,0.6379162322299857
10010001010,0.6379958465912081
10000001010,0.638040952469146
10100101010,0.6384483164365924
10011101100,0.6386809768046815
10110101010,0.63883334744129
10101101100,0.6392721165721557
00100000110,0.6393258260169362
10101101010,0.6394532722947056
10111101010,0.6395457039827219
10001001010,0.6396206998992634
10011001010,0.6397280933194232
10111001000,0.6399457994248922
00000000110,0.6400296961834852
00111101100,0.6402086839930666
10101001000,0.6403314857928122
00011001100,0.6404311507172495
00100001110,0.6407554986255956
10010001000,0.6412487457384236
10000001000,0.6416082102437679
10100101000,0.6419655915855934
00001101110,0.6421245481566407
10001001100,0.6428859446322943
00110101110,0.6432299051749165
10101101000,0.6435246667578234
10110101000,0.6436541435732608
10111101000,0.6437954425740732
10000101010,0.64386110503022
10010101010,0.6440618502624411
10011001000,0.6441566075252515
00011101100,0.6443707169369116
10001101010,0.6446806004524652
10011101010,0.6446925728484075
00001000000,0.6447235965030103
00011000000,0.6447410386310802
00001000010,0.6447732918361271
10100101100,0.6447962743693479
00000001110,0.6448245539440001
00011000010,0.644894876355777
00101001100,0.645063999393036
10001001000,0.6450865861780485
10000001100,0.6453275843960362
00111000010,0.6454467658101201
10010101100,0.6455999160641204
00110100110,0.6456348845797892
00101000010,0.6457536958071581
00111000000,0.6458107447895661
00101000000,0.6459277531619717
00010100110,0.6464158956940849
10001101100,0.6464827104777012
00011100000,0.6476578266095989
00010101110,0.6479409203271491
10011101000,0.6479775058426878
00001100000,0.6481365664794075
00001001100,0.6482117044189013
00011100010,0.6482354713033358
10010101000,0.6483472079627973
10000101000,0.6483921992536118
10001101000,0.6484106123507953
00111100000,0.6484169250650816
00111100010,0.6484824061623867
00101101100,0.648559799458323
00001100010,0.648813526208482
00101100000,0.6492267583901747
00101100010,0.6494907036647742
00100101110,0.6504268690641606
00001101100,0.6522787288457608
00100100110,0.6523774294054828
10000101100,0.6528555128340906
00000100110,0.6530644936565794
00000101110,0.6547993530289377
00011001010,0.655820621264223
00111001010,0.6559611184348104
00001001000,0.6560415778790167
00011001000,0.6560755901888385
00010000010,0.6562248262785989
00000000010,0.6562635818991122
00110001100,0.656330712863234
00001001010,0.6563711379115404
00110000010,0.6565140286748165
00100000010,0.6566006568546033
00101001010,0.6570574398616116
00111001000,0.6571279718051171
00101001000,0.6574045967599896
00110001010,0.6583961672396336
00010001100,0.6584166028703866
00010000100,0.6585100738436108
00010001010,0.6588647207121863
00100001010,0.659100354682164
00000001010,0.6592048966764125
00110000100,0.6592621797228219
00001101000,0.6602675248877253
00011101000,0.6606239222968386
00111101010,0.6607308458341509
00011101010,0.6609775319709108
00111101000,0.661414516995556
00101101000,0.6615832607934021
00001101010,0.6617417889227282
00101101010,0.6620266045312418
00010001000,0.6629998268398977
00000001000,0.6632346251580692
00100001000,0.6632415375493349
00110001000,0.6635966078940254
00100001100,0.6639831203442428
00010000000,0.6642448187647032
00110000000,0.6653792444513115
00000001100,0.6659332481035931
00110101100,0.6674141313455302
00110101010,0.6674170683815179
00000000100,0.667713636978906
00100000000,0.6677493477374785
00100101010,0.6679569088747733
00010101010,0.6680988911573666
00100000100,0.6683645774526523
00000101010,0.6683663925760286
00010100010,0.6692629875575088
00110100010,0.6695668046020941
00010101100,0.6696272567192688
00000100010,0.6697472475374024
00100100010,0.6700955204257687
00100101000,0.6730010807387438
00000101000,0.6733479397583603
00010101000,0.6736558794934983
00110101000,0.6739621826647889
00100101100,0.6746053095975707
00010100100,0.6748492462792882
00110100100,0.6756286268654964
00000101100,0.6768384129953416
00010100000,0.6799292122475403
00110100000,0.6810135683354726
00000100000,0.6819166249310887
00100100000,0.6830255866926127
00000100100,0.6834512463636739
00100100100,0.6840939633569618
