,features,loss,int_rep
640,00000000001,0.5101575765547444,1
2002,00000000010,0.65534259299477,2
765,00000000011,0.5179813243967948,3
1951,00000000100,0.6467505619563716,4
476,00000000101,0.4909457104415003,5
1956,00000000110,0.6478428471909172,6
436,00000000111,0.4870705806153077,7
2040,00000001000,0.6650675631109781,8
935,00000001001,0.5315449314496934,9
2039,00000001010,0.6650623510834477,10
904,00000001011,0.5298860256199036,11
2014,00000001100,0.6576292099257156,12
347,00000001101,0.4789172326951885,13
2015,00000001110,0.6582319447741712,14
349,00000001111,0.478977148694427,15
1793,00000010000,0.6115065111699908,16
1534,00000010001,0.5730334648400659,17
1790,00000010010,0.6055853079578655,18
1541,00000010011,0.5738800901139343,19
1781,00000010100,0.6034332765623235,20
1449,00000010101,0.5663508430276709,21
1780,00000010110,0.6030429726139286,22
1422,00000010111,0.5654691849705573,23
1757,00000011000,0.5983197852951189,24
1484,00000011001,0.5686420698818372,25
1755,00000011010,0.5979994144696207,26
1492,00000011011,0.5692259452769202,27
1748,00000011100,0.5975656104639615,28
1385,00000011101,0.5619806715477664,29
1742,00000011110,0.5970744085920221,30
1372,00000011111,0.5614514621130573,31
2023,00000100000,0.6608696673461391,32
627,00000100001,0.5081662976241528,33
2006,00000100010,0.6560000169839282,34
616,00000100011,0.5066996099991155,35
2000,00000100100,0.6551355825378844,36
380,00000100101,0.481592574735587,37
1997,00000100110,0.654415420856201,38
381,00000100111,0.4816164539398786,39
2041,00000101000,0.6650706686242526,40
775,00000101001,0.5193791595645559,41
1999,00000101010,0.6548708719159159,42
706,00000101011,0.5143993355869517,43
2033,00000101100,0.6638731275797115,44
269,00000101101,0.4745238451520871,45
2038,00000101110,0.6649910903711802,46
275,00000101111,0.4750380067958173,47
1776,00000110000,0.6013838983934059,48
1513,00000110001,0.5710772273048821,49
1767,00000110010,0.600358232390735,50
1525,00000110011,0.5722276093780078,51
1765,00000110100,0.5996253692593096,52
1426,00000110101,0.5656814839408867,53
1763,00000110110,0.5988711409007335,54
1415,00000110111,0.5648132259943172,55
1735,00000111000,0.5949085525212106,56
1465,00000111001,0.5677657146911065,57
1722,00000111010,0.5942972976743403,58
1476,00000111011,0.5682229043446614,59
1734,00000111100,0.5948896260023352,60
1378,00000111101,0.5617928945696659,61
1713,00000111110,0.5929377171091478,62
1348,00000111111,0.5598800775003359,63
2037,00001000000,0.6646517628399657,64
749,00001000001,0.5169183180800986,65
2036,00001000010,0.6644008118221026,66
689,00001000011,0.5135469316323339,67
1960,00001000100,0.6482988874456919,68
329,00001000101,0.4776292364744298,69
1938,00001000110,0.6444315388153526,70
301,00001000111,0.4760998181195395,71
2025,00001001000,0.6612089977604132,72
819,00001001001,0.5260461479833578,73
2032,00001001010,0.662942186055781,74
778,00001001011,0.5201555740482505,75
2010,00001001100,0.6570957634586176,76
266,00001001101,0.4743064189838645,77
2026,00001001110,0.661503490001465,78
265,00001001111,0.4742562299052864,79
1771,00001010000,0.6010762773137673,80
1528,00001010001,0.5724888590811404,81
1760,00001010010,0.5986606040481762,82
1526,00001010011,0.5723352625429773,83
1728,00001010100,0.5946167885755972,84
1340,00001010101,0.5593055976670149,85
1710,00001010110,0.5925457154118705,86
1338,00001010111,0.5592257113796361,87
1717,00001011000,0.5938408843527001,88
1470,00001011001,0.5679141294974334,89
1711,00001011010,0.5927785483970152,90
1474,00001011011,0.5680882904371256,91
1685,00001011100,0.5893522676427767,92
1282,00001011101,0.5556478395245492,93
1679,00001011110,0.5885887742563028,94
1283,00001011111,0.5556564632336806,95
2029,00001100000,0.6619261234438245,96
682,00001100001,0.5132082144860393,97
2022,00001100010,0.6608063398048756,98
603,00001100011,0.5047625889325604,99
1934,00001100100,0.6435109547861038,100
298,00001100101,0.4760069700586949,101
1953,00001100110,0.6470824588979477,102
307,00001100111,0.4764238520504172,103
2034,00001101000,0.663925352087562,104
712,00001101001,0.5147189562755274,105
2035,00001101010,0.6642630394003676,106
572,00001101011,0.5022585519026782,107
2024,00001101100,0.6610089914034677,108
210,00001101101,0.469873108869196,109
2043,00001101110,0.6674520399848947,110
204,00001101111,0.469177427457124,111
1738,00001110000,0.595239457960473,112
1505,00001110001,0.570159147962402,113
1736,00001110010,0.5950166346413985,114
1508,00001110011,0.5702821452919438,115
1688,00001110100,0.5895943702615467,116
1319,00001110101,0.5576750723370211,117
1684,00001110110,0.589043823388656,118
1323,00001110111,0.5581316465694252,119
1696,00001111000,0.5905289776770247,120
1450,00001111001,0.566351755315903,121
1694,00001111010,0.5904111026110772,122
1454,00001111011,0.5666914932170519,123
1659,00001111100,0.5851740793317067,124
1258,00001111101,0.5543266045355363,125
1658,00001111110,0.5847420448356868,126
1261,00001111111,0.5544622105207826,127
2021,00010000000,0.6601350302392548,128
707,00010000001,0.5144154741781729,129
2005,00010000010,0.6558776887413467,130
747,00010000011,0.5168885717919997,131
1915,00010000100,0.6401492972757898,132
387,00010000101,0.481960984103423,133
1931,00010000110,0.6432190266209554,134
365,00010000111,0.4800888642710407,135
2019,00010001000,0.6597288521114262,136
782,00010001001,0.5218896454367661,137
2020,00010001010,0.6600432859981228,138
770,00010001011,0.5187770072956106,139
1993,00010001100,0.6538508855930752,140
260,00010001101,0.4736770777082795,141
1995,00010001110,0.6540168771753573,142
241,00010001111,0.4719153930893111,143
1785,00010010000,0.6051339704310781,144
1542,00010010001,0.5740125744419559,145
1789,00010010010,0.6055505521420342,146
1548,00010010011,0.5744435887768846,147
1783,00010010100,0.6036628220449962,148
1429,00010010101,0.5658458963703858,149
1774,00010010110,0.6012665717209814,150
1418,00010010111,0.5651343847349719,151
1764,00010011000,0.599384134829611,152
1493,00010011001,0.5692990088273459,153
1761,00010011010,0.5986660921370018,154
1497,00010011011,0.5696967390116148,155
1741,00010011100,0.5968207374307529,156
1374,00010011101,0.56148448854169,157
1740,00010011110,0.5961839577484701,158
1361,00010011111,0.560653540994021,159
1970,00010100000,0.6508071248266696,160
565,00010100001,0.5015842346194422,161
1923,00010100010,0.6413952164070538,162
564,00010100011,0.5015802511281721,163
1887,00010100100,0.6368590525122185,164
331,00010100101,0.4776948837878456,165
1885,00010100110,0.6366773090348997,166
309,00010100111,0.4764707936247582,167
2046,00010101000,0.6726683019919862,168
622,00010101001,0.5076068445863904,169
2045,00010101010,0.6703133990493294,170
595,00010101011,0.503938442988005,171
1976,00010101100,0.651906158907199,172
222,00010101101,0.4708293733582959,173
1985,00010101110,0.6527979642107623,174
226,00010101111,0.4709852845486258,175
1778,00010110000,0.6018559351545769,176
1529,00010110001,0.5724910366886404,177
1773,00010110010,0.6012121000189836,178
1532,00010110011,0.5729746770120354,179
1759,00010110100,0.5986327235776941,180
1424,00010110101,0.5655221000116483,181
1754,00010110110,0.597946043808658,182
1405,00010110111,0.5643429862167872,183
1737,00010111000,0.595181370680521,184
1479,00010111001,0.5683758369430245,185
1732,00010111010,0.5948145076850893,186
1486,00010111011,0.568702803347525,187
1719,00010111100,0.5939422680744472,188
1365,00010111101,0.5608301325241685,189
1708,00010111110,0.5922730914437531,190
1344,00010111111,0.559426273931294,191
1914,00011000000,0.6401206401817143,192
625,00011000001,0.507955969335005,193
1921,00011000010,0.6410435351108515,194
596,00011000011,0.504023354571062,195
1828,00011000100,0.6284245993838152,196
270,00011000101,0.4745314854812568,197
1829,00011000110,0.6285672766292293,198
251,00011000111,0.4729019027018936,199
1959,00011001000,0.6482595726450245,200
602,00011001001,0.5047282786527291,201
1952,00011001010,0.6470497460049307,202
542,00011001011,0.4983109893596264,203
1967,00011001100,0.6502358431831774,204
211,00011001101,0.4698776693352491,205
1975,00011001110,0.6517264064601676,206
203,00011001111,0.4688997260652833,207
1762,00011010000,0.5986797885314761,208
1523,00011010001,0.5721060940586715,209
1758,00011010010,0.59836135909948,210
1527,00011010011,0.5723528964701313,211
1712,00011010100,0.5928442049285854,212
1336,00011010101,0.5589901052276594,213
1705,00011010110,0.5919101170891854,214
1329,00011010111,0.5584761470351004,215
1716,00011011000,0.5934870668590028,216
1464,00011011001,0.5676563838473508,217
1714,00011011010,0.5931309550474555,218
1475,00011011011,0.568200469056048,219
1678,00011011100,0.5883487174929768,220
1281,00011011101,0.5556207920434303,221
1670,00011011110,0.5875522733188946,222
1270,00011011111,0.5550376606848166,223
1906,00011100000,0.6393765599708484,224
502,00011100001,0.493613638343864,225
1925,00011100010,0.6419012845756619,226
442,00011100011,0.4881079966096042,227
1838,00011100100,0.630120836578626,228
235,00011100101,0.4714457943278731,229
1841,00011100110,0.6310117048987492,230
207,00011100111,0.4692282206832535,231
1937,00011101000,0.6442946086211185,232
451,00011101001,0.4888973693194598,233
1939,00011101010,0.644610595637984,234
404,00011101011,0.4835160620216431,235
1974,00011101100,0.6515537154635042,236
153,00011101101,0.4650860563985172,237
1988,00011101110,0.6530928237660201,238
142,00011101111,0.4643138348007708,239
1729,00011110000,0.5946923679722421,240
1507,00011110001,0.5702358582187614,241
1731,00011110010,0.5947218395434932,242
1510,00011110011,0.5705369690308485,243
1683,00011110100,0.5889664399279101,244
1311,00011110101,0.5572445286081832,245
1676,00011110110,0.5882149912757149,246
1312,00011110111,0.5572842028426278,247
1695,00011111000,0.5904894533747892,248
1455,00011111001,0.566699463510059,249
1698,00011111010,0.5906026862712273,250
1453,00011111011,0.5666723331336255,251
1655,00011111100,0.5845516499349029,252
1250,00011111101,0.5541027915776204,253
1650,00011111110,0.5839254016768781,254
1247,00011111111,0.55399183189545,255
2042,00100000000,0.6666866533317372,256
730,00100000001,0.5157533153951793,257
1991,00100000010,0.6532332598720528,258
743,00100000011,0.5165448439095074,259
1940,00100000100,0.6446827986313307,260
367,00100000101,0.4803396773185397,261
1947,00100000110,0.645831436201822,262
369,00100000111,0.4803493802710527,263
2031,00100001000,0.6625054032719032,264
787,00100001001,0.5230685180018236,265
2013,00100001010,0.6574843454378372,266
737,00100001011,0.5161158385615413,267
1894,00100001100,0.6377500105412656,268
250,00100001101,0.4727378222814344,269
1872,00100001110,0.6350196410949678,270
247,00100001111,0.4722835337541823,271
1786,00100010000,0.6051894844524652,272
1539,00100010001,0.5735320912241247,273
1787,00100010010,0.6052604595509962,274
1547,00100010011,0.5743570835806305,275
1782,00100010100,0.6036510435295409,276
1456,00100010101,0.5668594716958466,277
1779,00100010110,0.602092548850184,278
1427,00100010111,0.5657528976822456,279
1744,00100011000,0.5971775264005009,280
1483,00100011001,0.5684979322885518,281
1750,00100011010,0.5977750846311571,282
1487,00100011011,0.5688113238880604,283
1739,00100011100,0.5957742960287669,284
1368,00100011101,0.5609988108109815,285
1720,00100011110,0.5939843213393374,286
1359,00100011111,0.5606252070608152,287
2044,00100100000,0.6684675698735866,288
672,00100100001,0.5126538736772198,289
1994,00100100010,0.6538975839160742,290
634,00100100011,0.5096068337434054,291
2007,00100100100,0.6560099216991737,292
399,00100100101,0.4830934841408762,293
1987,00100100110,0.6530130975851349,294
403,00100100111,0.4832533724885922,295
1998,00100101000,0.6545586378383983,296
594,00100101001,0.5038427190163786,297
2001,00100101010,0.6552780270356896,298
548,00100101011,0.4988904583948018,299
1926,00100101100,0.6420375642931087,300
252,00100101101,0.473038169730871,301
1918,00100101110,0.640513309914454,302
246,00100101111,0.4722067761778681,303
1772,00100110000,0.6011998613728278,304
1524,00100110001,0.5722047354028825,305
1769,00100110010,0.6009237112357106,306
1531,00100110011,0.5727132985528023,307
1766,00100110100,0.5997242038202306,308
1423,00100110101,0.5655147851282557,309
1752,00100110110,0.5978862541066948,310
1408,00100110111,0.5645331811995871,311
1724,00100111000,0.5943600948681159,312
1463,00100111001,0.5676515768448602,313
1718,00100111010,0.5938893643027693,314
1480,00100111011,0.5684428922848835,315
1709,00100111100,0.5925411786206366,316
1363,00100111101,0.5606977283808143,317
1699,00100111110,0.5914396089912674,318
1349,00100111111,0.5600582784629309,319
1989,00101000000,0.6530931979435982,320
715,00101000001,0.5150507194244203,321
1916,00101000010,0.6403756446898479,322
688,00101000011,0.5134743516336009,323
1832,00101000100,0.6287591539781455,324
334,00101000101,0.4777925315824429,325
1826,00101000110,0.6269795050331215,326
326,00101000111,0.4774552360420273,327
2012,00101001000,0.6572316586099906,328
663,00101001001,0.5121069528226501,329
1958,00101001010,0.6482244655345716,330
562,00101001011,0.5009625234963653,331
1876,00101001100,0.6352987131125245,332
259,00101001101,0.4736008752781027,333
1873,00101001110,0.6350287762282338,334
242,00101001111,0.4720269728048509,335
1753,00101010000,0.5979136768469945,336
1519,00101010001,0.571796256330057,337
1751,00101010010,0.597867952667778,338
1521,00101010011,0.571873041516343,339
1701,00101010100,0.5914627576688714,340
1331,00101010101,0.5585980166631076,341
1697,00101010110,0.5905510163555793,342
1334,00101010111,0.5587765197247672,343
1703,00101011000,0.5917528304423652,344
1461,00101011001,0.5676117692285261,345
1704,00101011010,0.5917704830600675,346
1467,00101011011,0.5678465564090102,347
1668,00101011100,0.587042061247231,348
1269,00101011101,0.554863160244599,349
1663,00101011110,0.5863274352328361,350
1259,00101011111,0.5543361397181945,351
2028,00101100000,0.6618995372628136,352
637,00101100001,0.5099020031467287,353
1977,00101100010,0.6520972729982479,354
587,00101100011,0.5032299680844821,355
1870,00101100100,0.6345318919596892,356
330,00101100101,0.4776938052080756,357
1858,00101100110,0.6330670890728696,358
314,00101100111,0.4769292760069345,359
2027,00101101000,0.6616704967113358,360
494,00101101001,0.4928682811546906,361
1996,00101101010,0.6543080312720141,362
430,00101101011,0.4860102277099239,363
1924,00101101100,0.6415981378185734,364
202,00101101101,0.468778159462464,365
1935,00101101110,0.6436296760948171,366
191,00101101111,0.4680050692195709,367
1726,00101110000,0.594503087953988,368
1502,00101110001,0.5701334545732819,369
1723,00101110010,0.5943584270094324,370
1503,00101110011,0.570142883072216,371
1680,00101110100,0.5886497982385923,372
1317,00101110101,0.5575525255791074,373
1672,00101110110,0.587773206731376,374
1299,00101110111,0.5567923020206001,375
1686,00101111000,0.589413704236527,376
1434,00101111001,0.5660321669892086,377
1689,00101111010,0.5895968087842418,378
1448,00101111011,0.5663161256028901,379
1644,00101111100,0.5836683837060382,380
1239,00101111101,0.553660454572062,381
1639,00101111110,0.5831379771751393,382
1230,00101111111,0.5531731774400659,383
2009,00110000000,0.6569876886718616,384
659,00110000001,0.5119800124369089,385
1990,00110000010,0.6531279297318797,386
679,00110000011,0.5129542309212431,387
1865,00110000100,0.6342237563955365,388
276,00110000101,0.4750640612877121,389
1868,00110000110,0.6344137826292684,390
297,00110000111,0.4759455063508008,391
2011,00110001000,0.6572301155283072,392
639,00110001001,0.5101248163839228,393
1984,00110001010,0.6527123059075022,394
610,00110001011,0.5054872391746806,395
1853,00110001100,0.6327124711902413,396
186,00110001101,0.4679433469953741,397
1842,00110001110,0.6312272141893173,398
173,00110001111,0.4667174645589709,399
1788,00110010000,0.6055117874427631,400
1543,00110010001,0.5740590534516204,401
1784,00110010010,0.604427910161894,402
1553,00110010011,0.5747821758841577,403
1777,00110010100,0.6018172686483713,404
1443,00110010101,0.5662443838449058,405
1768,00110010110,0.600520422863577,406
1420,00110010111,0.5653171498393449,407
1745,00110011000,0.5974119931733837,408
1495,00110011001,0.5694559006461891,409
1749,00110011010,0.5977007304246249,410
1494,00110011011,0.5693881895289538,411
1730,00110011100,0.5946960488838868,412
1364,00110011101,0.5607843866151027,413
1715,00110011110,0.5932868179360049,414
1357,00110011111,0.5604189999042118,415
1971,00110100000,0.6509204506179916,416
584,00110100001,0.5031433798355757,417
1932,00110100010,0.64325625340279,418
593,00110100011,0.5036816756877479,419
1839,00110100100,0.6303003580336428,420
324,00110100101,0.47731378351746,421
1831,00110100110,0.6286741194825309,422
319,00110100111,0.4770408773834877,423
2018,00110101000,0.6594202982853505,424
516,00110101001,0.4950687341356949,425
2004,00110101010,0.6556161020487133,426
503,00110101011,0.4936330245334651,427
1850,00110101100,0.6325121960718965,428
198,00110101101,0.4685867983185778,429
1845,00110101110,0.6316226387695845,430
193,00110101111,0.468036285611434,431
1775,00110110000,0.6013770568749441,432
1535,00110110001,0.5731447005243776,433
1770,00110110010,0.6010372441613524,434
1537,00110110011,0.5732813730812631,435
1756,00110110100,0.5983010242438828,436
1414,00110110101,0.5647204968000613,437
1743,00110110110,0.5971085060842053,438
1402,00110110111,0.563974661351741,439
1733,00110111000,0.5948243363125946,440
1473,00110111001,0.5680344870320079,441
1725,00110111010,0.5944010448582948,442
1485,00110111011,0.568657741432505,443
1702,00110111100,0.5915075897438964,444
1355,00110111101,0.5602493480870898,445
1693,00110111110,0.5903264141610947,446
1343,00110111111,0.5594167052836715,447
1900,00111000000,0.6387850598134637,448
629,00111000001,0.5083530385713982,449
1856,00111000010,0.6328039020975953,450
601,00111000011,0.5046961096832898,451
1795,00111000100,0.6121988537974272,452
282,00111000101,0.4754496482821947,453
1791,00111000110,0.6101945220083732,454
263,00111000111,0.4740169612152995,455
1879,00111001000,0.6358323003152997,456
538,00111001001,0.4976881117282247,457
1857,00111001010,0.6329142120650076,458
495,00111001011,0.4928727397562069,459
1834,00111001100,0.6289882153853651,460
201,00111001101,0.4687364938377159,461
1835,00111001110,0.629377827415016,462
166,00111001111,0.4660067737095939,463
1747,00111010000,0.5974555050746653,464
1518,00111010001,0.5717476769799873,465
1746,00111010010,0.5974296291083977,466
1522,00111010011,0.571873687942746,467
1692,00111010100,0.5902971119968402,468
1327,00111010101,0.5583176126995606,469
1687,00111010110,0.5895397209951648,470
1324,00111010111,0.5581551768696539,471
1707,00111011000,0.5922026589817172,472
1460,00111011001,0.5675972581147042,473
1706,00111011010,0.5919752848395541,474
1468,00111011011,0.5678806685478868,475
1662,00111011100,0.5859573587786943,476
1255,00111011101,0.5542396571137864,477
1660,00111011110,0.5853949601265281,478
1246,00111011111,0.5539859025366033,479
1884,00111100000,0.6365980858932674,480
527,00111100001,0.4965170968132582,481
1864,00111100010,0.6339904019033001,482
470,00111100011,0.4906531249984002,483
1794,00111100100,0.6121173541148174,484
223,00111100101,0.4709035524630285,485
1792,00111100110,0.6113999210726642,486
205,00111100111,0.4691798968757901,487
1903,00111101000,0.6391177699966916,488
401,00111101001,0.4831624190402635,489
1886,00111101010,0.6367080845463906,490
374,00111101011,0.4808810945196822,491
1871,00111101100,0.6347910565534058,492
121,00111101101,0.4618214736697388,493
1880,00111101110,0.6361834891532154,494
133,00111101111,0.4635057988865782,495
1727,00111110000,0.5945556782363788,496
1506,00111110001,0.5702343173667178,497
1721,00111110010,0.594200199441219,498
1504,00111110011,0.5701455246676966,499
1671,00111110100,0.5876091980310421,500
1297,00111110101,0.5567397054520864,501
1669,00111110110,0.5871063881974744,502
1290,00111110111,0.5561764202315893,503
1691,00111111000,0.5898642131336091,504
1433,00111111001,0.5660172175049225,505
1690,00111111010,0.589834266495536,506
1441,00111111011,0.5662180274800311,507
1634,00111111100,0.5826895936747531,508
1227,00111111101,0.553006493919508,509
1628,00111111110,0.5821295434326209,510
1223,00111111111,0.5523391384176072,511
894,01000000000,0.529675230527722,512
586,01000000001,0.5032020552649625,513
891,01000000010,0.5296699955798486,514
638,01000000011,0.5101001861451161,515
650,01000000100,0.5113762454331476,516
384,01000000101,0.4817694376373811,517
644,01000000110,0.5105159621978619,518
398,01000000111,0.4827621977658114,519
918,01000001000,0.5303734903864419,520
975,01000001001,0.5395560011789913,521
1050,01000001010,0.5438183073663753,522
960,01000001011,0.536875600027647,523
571,01000001100,0.5020650611445069,524
362,01000001101,0.4797074076932079,525
566,01000001110,0.5016833513155651,526
368,01000001111,0.4803433942713114,527
1390,01000010000,0.562637672556474,528
1027,01000010001,0.5428073606201362,529
1500,01000010010,0.5698813696420127,530
1096,01000010011,0.545116171963762,531
1438,01000010100,0.5661057944263976,532
940,01000010101,0.5340652960656643,533
1458,01000010110,0.5670278542933516,534
938,01000010111,0.5334086549232332,535
1389,01000011000,0.562537382830824,536
965,01000011001,0.53890749481115,537
1399,01000011010,0.563628943083147,538
993,01000011011,0.5406065233545058,539
1394,01000011100,0.5631475910857731,540
926,01000011101,0.5308243652914929,541
1382,01000011110,0.5618913333743702,542
887,01000011111,0.5295135993807627,543
895,01000100000,0.5296761670430156,544
570,01000100001,0.5020618849180062,545
898,01000100010,0.529729415298424,546
600,01000100011,0.5043769872265186,547
655,01000100100,0.5118255753072135,548
342,01000100101,0.4782506324740735,549
671,01000100110,0.5126122735915694,550
360,01000100111,0.4796884019926752,551
831,01000101000,0.5271798978279942,552
814,01000101001,0.5252523501050764,553
937,01000101010,0.5328838734086185,554
751,01000101011,0.5169903292217993,555
599,01000101100,0.5042629553585452,556
267,01000101101,0.474342413263688,557
598,01000101110,0.5042028506514614,558
277,01000101111,0.4751973273291124,559
1452,01000110000,0.5665181469892228,560
1038,01000110001,0.5432674647857674,561
1472,01000110010,0.5679559541059765,562
1081,01000110011,0.5446605654368671,563
1431,01000110100,0.5659271174949373,564
952,01000110101,0.5357879403175523,565
1432,01000110110,0.5659759597172581,566
944,01000110111,0.5345672690238946,567
1386,01000111000,0.5621738994172847,568
978,01000111001,0.539702787208807,569
1398,01000111010,0.5636065411821677,570
995,01000111011,0.5406668822006065,571
1379,01000111100,0.5618200629614574,572
925,01000111101,0.5308152929774941,573
1362,01000111110,0.5606816288635466,574
890,01000111111,0.5296351719260904,575
893,01001000000,0.5296733572478254,576
636,01001000001,0.5097923684507633,577
884,01001000010,0.5293576641671661,578
645,01001000011,0.5105430251769449,579
589,01001000100,0.5033373505964838,580
322,01001000101,0.477188529702607,581
573,01001000110,0.5023650324459509,582
338,01001000111,0.4780669275651422,583
1107,01001001000,0.5455558127900243,584
829,01001001001,0.5268332760108134,585
941,01001001010,0.5340873386669733,586
785,01001001011,0.5223252901971788,587
530,01001001100,0.4967007704280474,588
271,01001001101,0.4745855222618143,589
535,01001001110,0.497213623242161,590
286,01001001111,0.4755832719821669,591
1401,01001010000,0.563957615203103,592
1043,01001010001,0.5436431921687817,593
1428,01001010010,0.5658348867554684,594
1077,01001010011,0.5445278347690568,595
1313,01001010100,0.557300536181237,596
852,01001010101,0.5277194335135713,597
1322,01001010110,0.5581202830823679,598
859,01001010111,0.528073943580953,599
1375,01001011000,0.5615896694160362,600
968,01001011001,0.5391379859312928,601
1391,01001011010,0.5626525541063688,602
984,01001011011,0.5400310185923151,603
1243,01001011100,0.5538577142458928,604
805,01001011101,0.5243425894371728,605
1254,01001011110,0.5542291445947303,606
804,01001011111,0.5242452195921526,607
927,01001100000,0.5309635318461297,608
615,01001100001,0.5066906705866882,609
879,01001100010,0.5287732873107154,610
579,01001100011,0.5027376291634387,611
580,01001100100,0.5028425027446701,612
278,01001100101,0.4752315922527292,613
581,01001100110,0.5029248830781109,614
283,01001100111,0.4754809797703236,615
949,01001101000,0.535438367755517,616
710,01001101001,0.5146516761184207,617
806,01001101010,0.5244189004973907,618
604,01001101011,0.5048061905879906,619
533,01001101100,0.4968023909725983,620
225,01001101101,0.470981010724805,621
540,01001101110,0.4979607603870811,622
224,01001101111,0.4709070354287428,623
1395,01001110000,0.563245706793698,624
1030,01001110001,0.5428744448708144,625
1412,01001110010,0.5647157228177415,626
1041,01001110011,0.5436181288406877,627
1285,01001110100,0.5556847547490033,628
834,01001110101,0.5272859306900686,629
1288,01001110110,0.5561375643752062,630
839,01001110111,0.5273396502887255,631
1342,01001111000,0.5593889823835952,632
966,01001111001,0.5390736482482491,633
1351,01001111010,0.560099405699079,634
976,01001111011,0.5395625455735014,635
1218,01001111100,0.5520317193295028,636
789,01001111101,0.5233064370798912,637
1220,01001111110,0.552104588360904,638
792,01001111111,0.5235116045420416,639
908,01010000000,0.5299517833189472,640
613,01010000001,0.5064422074642204,641
906,01010000010,0.5299269868514843,642
652,01010000011,0.5116071003870909,643
585,01010000100,0.503154166582425,644
344,01010000101,0.4783681498568051,645
590,01010000110,0.503488329285942,646
351,01010000111,0.4790126372232413,647
883,01010001000,0.5293135929702825,648
931,01010001001,0.5312377958065626,649
802,01010001010,0.5240884807164424,650
817,01010001011,0.5258999693308771,651
521,01010001100,0.4957184726047163,652
294,01010001101,0.4758718304539704,653
524,01010001110,0.4961295361628287,654
295,01010001111,0.475914404947848,655
1509,01010010000,0.5702933633966565,656
1098,01010010001,0.545264591740884,657
1530,01010010010,0.5725382284960722,658
1136,01010010011,0.5465169457834004,659
1471,01010010100,0.5679144060134894,660
948,01010010101,0.5351717427517672,661
1469,01010010110,0.5678852730412126,662
939,01010010111,0.5340006982965491,663
1436,01010011000,0.5660395179241182,664
991,01010011001,0.5404579578446486,665
1430,01010011010,0.5658642248021536,666
1008,01010011011,0.5413525945252643,667
1396,01010011100,0.5634437008118589,668
921,01010011101,0.5305877599309273,669
1387,01010011110,0.5622977076811337,670
885,01010011111,0.5294596587166439,671
837,01010100000,0.5273305754298439,672
541,01010100001,0.4982025378490897,673
826,01010100010,0.5266836356364741,674
561,01010100011,0.5009571382209136,675
575,01010100100,0.5024368611146446,676
290,01010100101,0.4757250470152065,677
592,01010100110,0.5036428574603999,678
318,01010100111,0.4770018196287214,679
773,01010101000,0.5192299894195511,680
746,01010101001,0.5168854333897915,681
714,01010101010,0.5148731982566045,682
656,01010101011,0.5118462415572866,683
512,01010101100,0.4943015143818273,684
221,01010101101,0.4708242021840212,685
518,01010101110,0.4952336969817514,686
244,01010101111,0.4721357815898276,687
1490,01010110000,0.5691128225643952,688
1091,01010110001,0.544940487957933,689
1499,01010110010,0.5697473021481807,690
1111,01010110011,0.5457654710621361,691
1442,01010110100,0.5662417316419717,692
959,01010110101,0.5364227438775623,693
1446,01010110110,0.5662948318767135,694
945,01010110111,0.534626138340165,695
1404,01010111000,0.5641496191584972,696
999,01010111001,0.5408427955391274,697
1409,01010111010,0.5645517224321849,698
1010,01010111011,0.5413926765985722,699
1384,01010111100,0.5619779361026085,700
928,01010111101,0.5310740554772523,701
1356,01010111110,0.5603818335053353,702
888,01010111111,0.52955118469585,703
845,01011000000,0.5274991961655068,704
624,01011000001,0.5076763761588075,705
832,01011000010,0.5271926598072718,706
617,01011000011,0.5070162857896386,707
544,01011000100,0.4984546118763653,708
302,01011000101,0.4761344343077505,709
543,01011000110,0.4984428974341597,710
285,01011000111,0.4755280934585589,711
781,01011001000,0.5218714154816861,712
692,01011001001,0.513663646845722,713
718,01011001010,0.5152138072629413,714
633,01011001011,0.5094317129842068,715
499,01011001100,0.4933502113883486,716
243,01011001101,0.4720628634847922,717
505,01011001110,0.4936706866215885,718
239,01011001111,0.4716964601241101,719
1447,01011010000,0.5663021816336207,720
1053,01011010001,0.5439585669813001,721
1459,01011010010,0.5671605017747625,722
1086,01011010011,0.5448338287690137,723
1332,01011010100,0.5586118635617492,724
868,01011010101,0.5283142737957206,725
1320,01011010110,0.5580622763173211,726
853,01011010111,0.5277502288138401,727
1380,01011011000,0.5618704989389407,728
973,01011011001,0.5395282566143658,729
1393,01011011010,0.5629826198750784,730
987,01011011011,0.5402282058386831,731
1251,01011011100,0.5541709946155694,732
808,01011011101,0.5245984098698212,733
1241,01011011110,0.5537657753449235,734
800,01011011111,0.5239135559796223,735
783,01011100000,0.5221584709937808,736
536,01011100001,0.4973370642460636,737
779,01011100010,0.5202141011591185,738
514,01011100011,0.4946425890138772,739
528,01011100100,0.4965348412929152,740
234,01011100101,0.4714246384759684,741
534,01011100110,0.4970708599328707,742
240,01011100111,0.4717757866452967,743
702,01011101000,0.5142660654448419,744
552,01011101001,0.4994355242314787,745
628,01011101010,0.5083424649028626,746
507,01011101011,0.4939832852821408,747
477,01011101100,0.491066060702583,748
176,01011101101,0.4669365778231742,749
478,01011101110,0.4911234761237005,750
172,01011101111,0.4665745198238361,751
1416,01011110000,0.5650063595631053,752
1039,01011110001,0.5434379342023998,753
1425,01011110010,0.5656304208996161,754
1056,01011110011,0.5440248022218653,755
1291,01011110100,0.5563939881558085,756
835,01011110101,0.5272917053480594,757
1287,01011110110,0.5560834734156701,758
841,01011110111,0.5273779041660819,759
1366,01011111000,0.5608928878412021,760
967,01011111001,0.5390915074843313,761
1371,01011111010,0.561350808472579,762
974,01011111011,0.5395303265725144,763
1222,01011111100,0.5521880742862597,764
796,01011111101,0.5237395357905417,765
1217,01011111110,0.5519271810022605,766
791,01011111111,0.523488445760424,767
892,01100000000,0.5296728232795319,768
646,01100000001,0.5107406005250016,769
912,01100000010,0.5301193676629128,770
654,01100000011,0.5118066836213688,771
422,01100000100,0.4852388778397348,772
300,01100000101,0.4760954486521275,773
424,01100000110,0.4855740881467039,774
332,01100000111,0.4777141100949917,775
776,01100001000,0.5195589147232994,776
815,01100001001,0.5253334369286652,777
764,01100001010,0.5178878216250632,778
780,01100001011,0.5202145548718576,779
317,01100001100,0.4769649688424793,780
261,01100001101,0.4737115667607401,781
321,01100001110,0.477185083644685,782
268,01100001111,0.4744014250229677,783
1488,01100010000,0.5689568524642749,784
1073,01100010001,0.5443643504241007,785
1517,01100010010,0.5716349108793622,786
1129,01100010011,0.5462158334543603,787
1477,01100010100,0.5683156488276875,788
950,01100010101,0.5354626103382805,789
1466,01100010110,0.5677768329549077,790
943,01100010111,0.534430496809731,791
1400,01100011000,0.5637219314602535,792
980,01100011001,0.5398795289332798,793
1419,01100011010,0.5651611360067287,794
1003,01100011011,0.5410293674848904,795
1377,01100011100,0.5616498444789817,796
922,01100011101,0.5305890461489278,797
1373,01100011110,0.5614820044626742,798
899,01100011111,0.5297372567113592,799
889,01100100000,0.5295817737860329,800
626,01100100001,0.508106670564419,801
864,01100100010,0.5282544871506862,802
619,01100100011,0.507286656270999,803
465,01100100100,0.4903394105620463,804
304,01100100101,0.4761755277832801,805
475,01100100110,0.4909305863895075,806
336,01100100111,0.4778776420844492,807
676,01100101000,0.5128991537371553,808
621,01100101001,0.5075164172975223,809
649,01100101010,0.511252386794808,810
588,01100101011,0.5033288557555677,811
312,01100101100,0.476674850111352,812
220,01100101101,0.470687322203831,813
308,01100101110,0.4764570937297184,814
237,01100101111,0.4715233806931937,815
1478,01100110000,0.5683319927868347,816
1082,01100110001,0.5446652234392916,817
1496,01100110010,0.569498002892672,818
1105,01100110011,0.5455256989310694,819
1451,01100110100,0.566385465291682,820
958,01100110101,0.5364204107316227,821
1440,01100110110,0.5661348513855705,822
946,01100110111,0.5346606088800806,823
1392,01100111000,0.5628098536067249,824
992,01100111001,0.5405598737795272,825
1397,01100111010,0.5635609925092033,826
1006,01100111011,0.5413135174561665,827
1369,01100111100,0.5610406922261625,828
929,01100111101,0.5310986976896653,829
1353,01100111110,0.5601755172876833,830
916,01100111111,0.5302856431412298,831
909,01101000000,0.5300103741915132,832
687,01101000001,0.5134369360113477,833
809,01101000010,0.5247606123207174,834
653,01101000011,0.511706960397131,835
416,01101000100,0.4846212136875408,836
299,01101000101,0.4760362100144442,837
426,01101000110,0.4857187208401274,838
279,01101000111,0.4752654712559837,839
762,01101001000,0.5178779447777366,840
756,01101001001,0.5174346239602042,841
618,01101001010,0.5070514145217648,842
635,01101001011,0.5096370885465082,843
305,01101001100,0.4762393456208111,844
249,01101001101,0.4727297338517858,845
327,01101001110,0.477459287902672,846
256,01101001111,0.4734103957013515,847
1413,01101010000,0.564719861027233,848
1052,01101010001,0.5439004693062411,849
1437,01101010010,0.5660931464653362,850
1085,01101010011,0.5447070543582286,851
1326,01101010100,0.5582172713288382,852
862,01101010101,0.5282155480522981,853
1330,01101010110,0.5584904022810677,854
857,01101010111,0.5280269763675183,855
1367,01101011000,0.5609123779179743,856
989,01101011001,0.540271683415829,857
1376,01101011010,0.5616411300260831,858
996,01101011011,0.5406677448594578,859
1237,01101011100,0.5536057643298704,860
799,01101011101,0.5238092575736293,861
1234,01101011110,0.5534031527180374,862
795,01101011111,0.5236115109868005,863
903,01101100000,0.5298752336360973,864
611,01101100001,0.5061274020417514,865
777,01101100010,0.5199223752357772,866
608,01101100011,0.505240417567384,867
420,01101100100,0.4851595049170262,868
284,01101100101,0.4755130476786202,869
425,01101100110,0.4855896382845079,870
272,01101100111,0.474755901238686,871
684,01101101000,0.5133062369946736,872
606,01101101001,0.5051197377161746,873
559,01101101010,0.500666781670094,874
539,01101101011,0.4979377141400086,875
273,01101101100,0.474926673363956,876
189,01101101101,0.4679805419280908,877
274,01101101110,0.4750163190568696,878
199,01101101111,0.4686061925811466,879
1403,01101110000,0.5640151510045056,880
1047,01101110001,0.5437234975097927,881
1411,01101110010,0.5645947778022022,882
1055,01101110011,0.5439927212397733,883
1279,01101110100,0.5554960224443478,884
847,01101110101,0.5275225872992089,885
1280,01101110110,0.5555774444198142,886
849,01101110111,0.527545011363069,887
1339,01101111000,0.5592293879772207,888
979,01101111001,0.5397446585111434,889
1347,01101111010,0.5597768566376305,890
988,01101111011,0.5402436568346679,891
1215,01101111100,0.5512409630813114,892
798,01101111101,0.5237917877850465,893
1211,01101111110,0.5509313038042323,894
793,01101111111,0.5235219862343637,895
784,01110000000,0.5222632415647875,896
632,01110000001,0.5091010854581263,897
788,01110000010,0.5230929592142367,898
642,01110000011,0.5102557108662339,899
328,01110000100,0.477492115096804,900
208,01110000101,0.4696337673339095,901
341,01110000110,0.4782342145743684,902
231,01110000111,0.4712700281911436,903
753,01110001000,0.5170997232266435,904
691,01110001001,0.5136473916983229,905
725,01110001010,0.515423683807877,906
658,01110001011,0.5119249015585615,907
229,01110001100,0.4711969677964367,908
174,01110001101,0.4667982548915192,909
230,01110001110,0.4712619339390808,910
187,01110001111,0.4679592592015123,911
1515,01110010000,0.5714793206812686,912
1118,01110010001,0.5459059692644368,913
1533,01110010010,0.5729841359097263,914
1148,01110010011,0.5470361793872367,915
1481,01110010100,0.5684672467760433,916
955,01110010101,0.5361097092859057,917
1462,01110010110,0.5676177397824503,918
947,01110010111,0.5347498749492535,919
1435,01110011000,0.5660338888810015,920
1009,01110011001,0.5413710408626018,921
1444,01110011010,0.5662623642829628,922
1014,01110011011,0.5416995431271704,923
1381,01110011100,0.5618739116084546,924
924,01110011101,0.5307571840499012,925
1370,01110011110,0.5612245055045189,926
907,01110011111,0.5299379969451753,927
686,01110100000,0.5134099695099325,928
557,01110100001,0.5003283244557039,929
666,01110100010,0.5122469611972331,930
563,01110100011,0.5010904723084586,931
353,01110100100,0.479068571396111,932
227,01110100101,0.4710358764332295,933
357,01110100110,0.4795123573703989,934
248,01110100111,0.4724709679957265,935
607,01110101000,0.5052158536954271,936
555,01110101001,0.5000992178581333,937
576,01110101010,0.5025641581601318,938
547,01110101011,0.4988284601433248,939
228,01110101100,0.4711318092651794,940
151,01110101101,0.4648213795178784,941
216,01110101110,0.4702512692578044,942
170,01110101111,0.4664154448191034,943
1501,01110110000,0.569910975448345,944
1121,01110110001,0.545965955240366,945
1512,01110110010,0.5707071522145151,946
1135,01110110011,0.5464926284364066,947
1439,01110110100,0.5661269771086129,948
951,01110110101,0.5356397166607088,949
1421,01110110110,0.565452409936633,950
942,01110110111,0.5343854342640756,951
1406,01110111000,0.5644438062636512,952
1004,01110111001,0.5411982804464833,953
1407,01110111010,0.5645020002150697,954
1017,01110111011,0.5418604071956465,955
1360,01110111100,0.560640701586149,956
932,01110111101,0.531243395093544,957
1350,01110111110,0.5600714592424549,958
902,01110111111,0.5297852261829902,959
771,01111000000,0.5190155491021635,960
631,01111000001,0.5086091036775631,961
750,01111000010,0.5169401956054969,962
623,01111000011,0.5076430138511627,963
292,01111000100,0.4757707943661267,964
233,01111000101,0.4713543989468177,965
310,01111000110,0.4764804753769595,966
219,01111000111,0.470657477001809,967
550,01111001000,0.4993432505330856,968
582,01111001001,0.5030548577517673,969
531,01111001010,0.4967402507447683,970
551,01111001011,0.4994153818662626,971
214,01111001100,0.4700214257422265,972
183,01111001101,0.4678796683856397,973
232,01111001110,0.4712979051658976,974
182,01111001111,0.4676564703444676,975
1445,01111010000,0.5662891649867844,976
1072,01111010001,0.5443442771858142,977
1457,01111010010,0.5670093870524244,978
1095,01111010011,0.5450700996115266,979
1325,01111010100,0.5581845361750045,980
875,01111010101,0.528729794149796,981
1321,01111010110,0.5580943923677915,982
869,01111010111,0.5283334018416254,983
1383,01111011000,0.5619351603065856,984
981,01111011001,0.5399729985543752,985
1388,01111011010,0.56244805410661,986
994,01111011011,0.5406556592371172,987
1236,01111011100,0.5535317291057418,988
807,01111011101,0.5245394205140238,989
1229,01111011110,0.5530376443490109,990
801,01111011111,0.5240801679735054,991
657,01111100000,0.511849546130323,992
537,01111100001,0.4975537218825222,993
612,01111100010,0.5062152089153362,994
508,01111100011,0.4940646705988736,995
288,01111100100,0.4756173791753397,996
177,01111100101,0.466936878031616,997
287,01111100110,0.4755930507003432,998
180,01111100111,0.4672781627528405,999
484,01111101000,0.4916600243905815,1000
498,01111101001,0.4933412016707895,1001
457,01111101010,0.4893535127385634,1002
462,01111101011,0.4900655435752722,1003
181,01111101100,0.4674936950836384,1004
126,01111101101,0.4621740293702032,1005
188,01111101110,0.4679768953597085,1006
131,01111101111,0.4632176176163639,1007
1410,01111110000,0.5645769656954639,1008
1051,01111110001,0.5438204177059655,1009
1417,01111110010,0.565052879687472,1010
1067,01111110011,0.5442748484609955,1011
1275,01111110100,0.5553159904262371,1012
854,01111110101,0.5277974635960362,1013
1271,01111110110,0.5551371775121793,1014
836,01111110111,0.5273078634945615,1015
1352,01111111000,0.5601099481937694,1016
977,01111111001,0.5395808261391695,1017
1358,01111111010,0.56043776731073,1018
985,01111111011,0.5400615526505315,1019
1210,01111111100,0.5507435317169618,1020
797,01111111101,0.5237774798376513,1021
1207,01111111110,0.5506332997651262,1022
790,01111111111,0.5234455036979763,1023
1981,10000000000,0.6524673366158771,1024
810,10000000001,0.5248687744254522,1025
1909,10000000010,0.6397092355106836,1026
761,10000000011,0.5178764654392924,1027
1910,10000000100,0.6398260622640294,1028
137,10000000101,0.4637288381122603,1029
1946,10000000110,0.6456161547906036,1030
115,10000000111,0.4610885019761611,1031
2030,10000001000,0.6623884256648688,1032
614,10000001001,0.5066082248518791,1033
1949,10000001010,0.6462527729054264,1034
567,10000001011,0.5018841455157452,1035
1978,10000001100,0.6522211117793001,1036
129,10000001101,0.4627899468858487,1037
1992,10000001110,0.6534702832513232,1038
132,10000001111,0.4632454681476411,1039
1700,10000010000,0.5914580901958588,1040
1328,10000010001,0.558397442407015,1041
1673,10000010010,0.5878032758467329,1042
1345,10000010011,0.5594487126513009,1043
1681,10000010100,0.5889465016701819,1044
1203,10000010101,0.5503930675710753,1045
1665,10000010110,0.5868338547248533,1046
1213,10000010111,0.5509984489685646,1047
1657,10000011000,0.5846785998270054,1048
1294,10000011001,0.5565324821107822,1049
1651,10000011010,0.5841658721809688,1050
1306,10000011011,0.5569989530328101,1051
1653,10000011100,0.5844152464576244,1052
1187,10000011101,0.548913957571132,1053
1642,10000011110,0.5835369466387087,1054
1182,10000011111,0.5487288043238605,1055
1964,10000100000,0.6490235954211349,1056
468,10000100001,0.4905269004863548,1057
1928,10000100010,0.6423345520584811,1058
438,10000100011,0.4872739993126099,1059
1945,10000100100,0.6456035511774616,1060
51,10000100101,0.4552318607133401,1061
1961,10000100110,0.6483006119390522,1062
58,10000100111,0.4561419394909458,1063
2016,10000101000,0.6592351816622276,1064
569,10000101001,0.5020418757669319,1065
1927,10000101010,0.6423160051951526,1066
459,10000101011,0.4896269221858605,1067
1972,10000101100,0.6511938020719114,1068
90,10000101101,0.4592634840767178,1069
1982,10000101110,0.6524761298972248,1070
89,10000101111,0.4592142294728323,1071
1627,10000110000,0.5820558561493467,1072
1292,10000110001,0.5564219418170653,1073
1635,10000110010,0.5827243991421417,1074
1295,10000110011,0.5565573738829982,1075
1630,10000110100,0.5823236615320566,1076
1193,10000110101,0.5495481623258904,1077
1626,10000110110,0.5820457371868243,1078
1201,10000110111,0.5501516444580132,1079
1588,10000111000,0.5785644795140947,1080
1249,10000111001,0.5540797595501372,1081
1601,10000111010,0.579385564930242,1082
1252,10000111011,0.5541943200182292,1083
1598,10000111100,0.5791845545143042,1084
1155,10000111101,0.5473393720221434,1085
1586,10000111110,0.5784047844130422,1086
1168,10000111111,0.5478377573326353,1087
1866,10001000000,0.6342983246133025,1088
754,10001000001,0.5171881243657265,1089
1878,10001000010,0.6355926767124932,1090
560,10001000011,0.5007565381157952,1091
1875,10001000100,0.635103645894693,1092
88,10001000101,0.459188957943182,1093
1907,10001000110,0.6393966628659347,1094
93,10001000111,0.459528313759265,1095
1902,10001001000,0.6390598785338752,1096
620,10001001001,0.507463197312448,1097
1901,10001001010,0.6390036439093447,1098
577,10001001011,0.5026135097658885,1099
1955,10001001100,0.6474894101870244,1100
135,10001001101,0.4636858649256435,1101
1965,10001001110,0.6494660867533618,1102
145,10001001111,0.4645757647320565,1103
1677,10001010000,0.5883106728196432,1104
1333,10001010001,0.5586228432462731,1105
1667,10001010010,0.5869765114274108,1106
1337,10001010011,0.5591606863371877,1107
1647,10001010100,0.5838350314404154,1108
1177,10001010101,0.5482032335387341,1109
1623,10001010110,0.5819493560198749,1110
1179,10001010111,0.548491245044651,1111
1645,10001011000,0.5836979879586992,1112
1301,10001011001,0.5568523300207682,1113
1649,10001011010,0.5838962560033366,1114
1307,10001011011,0.5570498239756209,1115
1606,10001011100,0.5799049827654399,1116
1144,10001011101,0.5469476499329682,1117
1593,10001011110,0.5788724215446898,1118
1149,10001011111,0.5470978106095047,1119
1891,10001100000,0.6375689555435566,1120
378,10001100001,0.4811259186253026,1121
1861,10001100010,0.63364343075362,1122
320,10001100011,0.4770492016101132,1123
1874,10001100100,0.6350843976701336,1124
42,10001100101,0.4544105435673503,1125
1893,10001100110,0.6376993428269188,1126
46,10001100111,0.4546011350650434,1127
1936,10001101000,0.6436630545877456,1128
449,10001101001,0.4887683183492544,1129
1917,10001101010,0.6404569146075095,1130
400,10001101011,0.4831607489974517,1131
1948,10001101100,0.64608518489769,1132
71,10001101101,0.4575552113185652,1133
1969,10001101110,0.6507635133676007,1134
75,10001101111,0.4578004792981952,1135
1609,10001110000,0.5803538172055919,1136
1293,10001110001,0.5564816969473617,1137
1612,10001110010,0.5805506637533737,1138
1314,10001110011,0.5573199412306775,1139
1572,10001110100,0.5771147112676176,1140
1114,10001110101,0.545845373303001,1141
1565,10001110110,0.5764359010696353,1142
1123,10001110111,0.5460919973496302,1143
1583,10001111000,0.578286590475701,1144
1268,10001111001,0.5548582480724612,1145
1582,10001111010,0.5780658087117685,1146
1277,10001111011,0.5553861397084955,1147
1557,10001111100,0.5750594463519195,1148
1083,10001111101,0.5446819789840285,1149
1551,10001111110,0.5745148860229641,1150
1069,10001111111,0.5443323241668144,1151
1950,10010000000,0.6462863761029052,1152
370,10010000001,0.4804238749527426,1153
1942,10010000010,0.6449030382007102,1154
405,10010000011,0.4835724720400483,1155
1896,10010000100,0.637959793475895,1156
68,10010000101,0.4570596156310358,1157
1913,10010000110,0.6400939045265356,1158
67,10010000111,0.4570036696810444,1159
2017,10010001000,0.659237839252695,1160
393,10010001001,0.4826012350050599,1161
2003,10010001010,0.6553442933739342,1162
421,10010001011,0.485161796626277,1163
1957,10010001100,0.6481148034428438,1164
99,10010001101,0.4601749174790184,1165
1962,10010001110,0.6484132830440168,1166
91,10010001111,0.4592995917101456,1167
1682,10010010000,0.5889653334797242,1168
1346,10010010001,0.5597160409942652,1169
1675,10010010010,0.588054328801338,1170
1354,10010010011,0.5602047734004069,1171
1664,10010010100,0.586684044928032,1172
1208,10010010101,0.5506545047644164,1173
1661,10010010110,0.5857183801661804,1174
1200,10010010111,0.5501163130097898,1175
1654,10010011000,0.5845414972634843,1176
1310,10010011001,0.5571993831400809,1177
1656,10010011010,0.5846754489288253,1178
1309,10010011011,0.5571647472847627,1179
1638,10010011100,0.5830768940152379,1180
1178,10010011101,0.5484035217752362,1181
1632,10010011110,0.5823961164194383,1182
1185,10010011111,0.5487985442964176,1183
1892,10010100000,0.6376260162963946,1184
213,10010100001,0.4699382205914414,1185
1898,10010100010,0.6381428551447601,1186
257,10010100011,0.4734211241573263,1187
1837,10010100100,0.6298594487096547,1188
16,10010100101,0.4515797100651878,1189
1862,10010100110,0.6338463571371262,1190
26,10010100111,0.4525458653355695,1191
2008,10010101000,0.6562520199601396,1192
359,10010101001,0.4796596760763203,1193
1979,10010101010,0.6523182306944961,1194
352,10010101011,0.4790373872920674,1195
1929,10010101100,0.6429400338284051,1196
66,10010101101,0.4570012912900439,1197
1930,10010101110,0.6431447090630641,1198
65,10010101111,0.456977774811329,1199
1648,10010110000,0.5838392410706257,1200
1298,10010110001,0.556786851584401,1201
1637,10010110010,0.5829154931819848,1202
1318,10010110011,0.5576501999739706,1203
1624,10010110100,0.5820381544718954,1204
1197,10010110101,0.5499129759720258,1205
1618,10010110110,0.5811339449320604,1206
1198,10010110111,0.5499751267268946,1207
1603,10010111000,0.5796378540641557,1208
1263,10010111001,0.554551418185556,1209
1604,10010111010,0.5797072912334372,1210
1266,10010111011,0.5547614171467341,1211
1584,10010111100,0.5783016069815915,1212
1157,10010111101,0.5473567455183972,1213
1576,10010111110,0.5773662005851026,1214
1160,10010111111,0.5474454294474624,1215
1895,10011000000,0.6378445228996548,1216
461,10011000001,0.4898955773710464,1217
1888,10011000010,0.6370478254438965,1218
383,10011000011,0.481677256935348,1219
1812,10011000100,0.6236285755010301,1220
123,10011000101,0.4619159165811761,1221
1821,10011000110,0.6253352196713806,1222
106,10011000111,0.4605418249514279,1223
1966,10011001000,0.6501208615538238,1224
373,10011001001,0.4808609430009416,1225
1963,10011001010,0.6486608897166511,1226
391,10011001011,0.4825054155389993,1227
1912,10011001100,0.6399622468252896,1228
124,10011001101,0.4619304152480576,1229
1922,10011001110,0.6412978988351039,1230
111,10011001111,0.4607344077413804,1231
1674,10011010000,0.5878099506014869,1232
1335,10011010001,0.5587779603328188,1233
1666,10011010010,0.5869516332744806,1234
1341,10011010011,0.5593731624726664,1235
1625,10011010100,0.5820445835347395,1236
1158,10011010101,0.5473579101616627,1237
1614,10011010110,0.5808975481936696,1238
1172,10011010111,0.5479367363610295,1239
1646,10011011000,0.5838008116967168,1240
1308,10011011001,0.557144693159592,1241
1643,10011011010,0.5835917680108815,1242
1315,10011011011,0.5573858896320381,1243
1589,10011011100,0.5786065610722786,1244
1128,10011011101,0.5462017267926665,1245
1581,10011011110,0.577975991985393,1246
1130,10011011111,0.5462671681893733,1247
1855,10011100000,0.6327472096267248,1248
168,10011100001,0.4661543541376335,1249
1843,10011100010,0.6313116280351516,1250
146,10011100011,0.4646136188977046,1251
1802,10011100100,0.620423271709148,1252
28,10011100101,0.4533744245634937,1253
1809,10011100110,0.6226717644761763,1254
33,10011100111,0.4535203916345151,1255
1943,10011101000,0.6450978101877736,1256
178,10011101001,0.4670355675325885,1257
1941,10011101010,0.6447080619091633,1258
144,10011101011,0.4645665365837413,1259
1890,10011101100,0.6375387679986471,1260
47,10011101101,0.4548355105331215,1261
1908,10011101110,0.6394214211599867,1262
50,10011101111,0.4552153690543304,1263
1619,10011110000,0.5811549688767021,1264
1304,10011110001,0.5569763082460908,1265
1617,10011110010,0.5811191349955962,1266
1316,10011110011,0.5574349545530098,1267
1563,10011110100,0.5762022888270174,1268
1119,10011110101,0.5459160630397061,1269
1560,10011110110,0.5759551313513379,1270
1116,10011110111,0.545895106210793,1271
1591,10011111000,0.5786669972710876,1272
1273,10011111001,0.555187641539502,1273
1587,10011111010,0.5784827412681623,1274
1284,10011111011,0.5556611235292204,1275
1546,10011111100,0.574232221203846,1276
1076,10011111101,0.5445220793892339,1277
1540,10011111110,0.5738646182972564,1278
1054,10011111111,0.5439851117821275,1279
1919,10100000000,0.6405448615064938,1280
786,10100000001,0.5229075365040751,1281
1869,10100000010,0.6344487740538614,1282
766,10100000011,0.5183247312076428,1283
1820,10100000100,0.6250714862196322,1284
74,10100000101,0.4577433228792625,1285
1833,10100000110,0.6288393723312948,1286
81,10100000111,0.4586980854037727,1287
1980,10100001000,0.6524638558710444,1288
757,10100001001,0.5175686386413317,1289
1933,10100001010,0.6433643986056057,1290
662,10100001011,0.5120645885104292,1291
1905,10100001100,0.6393601891403112,1292
108,10100001101,0.4605604819700684,1293
1904,10100001110,0.6393587368765757,1294
83,10100001111,0.4588889778949816,1295
1641,10100010000,0.5834908512504421,1296
1267,10100010001,0.5548384291299008,1297
1636,10100010010,0.5827390728944497,1298
1286,10100010011,0.5560105117545897,1299
1629,10100010100,0.582179088336385,1300
1154,10100010101,0.5473288028292419,1301
1616,10100010110,0.5810091163678712,1302
1139,10100010111,0.5466436603959333,1303
1613,10100011000,0.5805512560514847,1304
1233,10100011001,0.5533191796547253,1305
1596,10100011010,0.5791222459784728,1306
1244,10100011011,0.5539505777334507,1307
1605,10100011100,0.5798186669658262,1308
1108,10100011101,0.545588938608018,1309
1577,10100011110,0.5775615989208592,1310
1087,10100011111,0.5448436800497216,1311
1849,10100100000,0.6322907224695448,1312
574,10100100001,0.5023969884938021,1313
1920,10100100010,0.6408217015975503,1314
496,10100100011,0.4932858871433689,1315
1840,10100100100,0.6306825935274789,1316
13,10100100101,0.4509569429979779,1317
1852,10100100110,0.6325572813912934,1318
15,10100100111,0.4514368251502001,1319
1983,10100101000,0.6525924731243273,1320
641,10100101001,0.5102245203354879,1321
1944,10100101010,0.6451039210312708,1322
525,10100101011,0.4961494633466831,1323
1897,10100101100,0.6381282560005545,1324
56,10100101101,0.455716580121058,1325
1899,10100101110,0.6382037843097002,1326
41,10100101111,0.4543393665296038,1327
1600,10100110000,0.5793766463848522,1328
1232,10100110001,0.5532869739670353,1329
1599,10100110010,0.5792465923006878,1330
1245,10100110011,0.553954420196894,1331
1594,10100110100,0.579026164956343,1332
1153,10100110101,0.5472897795314432,1333
1578,10100110110,0.5776162503833288,1334
1112,10100110111,0.5458082276537903,1335
1562,10100111000,0.5762021787130467,1336
1221,10100111001,0.5521427119228336,1337
1564,10100111010,0.5762599102948055,1338
1224,10100111011,0.5524607965065089,1339
1559,10100111100,0.5752734343831725,1340
1079,10100111101,0.5445708677562745,1341
1544,10100111110,0.5740884648371377,1342
1062,10100111111,0.5441946371961658,1343
1827,10101000000,0.6282895911229314,1344
553,10101000001,0.499492736963862,1345
1813,10101000010,0.6237072383701657,1346
490,10101000011,0.4926239207099855,1347
1816,10101000100,0.62460300489996,1348
122,10101000101,0.4618812217954476,1349
1822,10101000110,0.6255454174070881,1350
102,10101000111,0.460323510429468,1351
1854,10101001000,0.6327289586798197,1352
545,10101001001,0.4986444744262107,1353
1815,10101001010,0.6242943505598687,1354
464,10101001011,0.4903293628667778,1355
1844,10101001100,0.6314574468096926,1356
119,10101001101,0.4615841230472381,1357
1877,10101001110,0.6354085530008281,1358
105,10101001111,0.460509889616135,1359
1622,10101010000,0.5819488500686311,1360
1302,10101010001,0.5568764886875256,1361
1621,10101010010,0.5818220832333113,1362
1303,10101010011,0.5569513837932399,1363
1574,10101010100,0.5772139916075982,1364
1071,10101010101,0.5443438836932304,1365
1575,10101010110,0.5772352607591064,1366
1066,10101010111,0.5442600771527537,1367
1590,10101011000,0.5786215341444854,1368
1272,10101011001,0.5551591337086345,1369
1595,10101011010,0.5790573557534008,1370
1274,10101011011,0.5551910775586457,1371
1555,10101011100,0.5749003184472221,1372
1031,10101011101,0.5429017704084073,1373
1549,10101011110,0.5744675293794095,1374
1033,10101011111,0.542932036674962,1375
1814,10101100000,0.6238796497069452,1376
394,10101100001,0.4826357293724704,1377
1803,10101100010,0.6209840770722006,1378
311,10101100011,0.4765356896427135,1379
1811,10101100100,0.6232649311223928,1380
18,10101100101,0.4516422479337066,1381
1819,10101100110,0.6249149095300652,1382
25,10101100111,0.4524872321037584,1383
1911,10101101000,0.6398756299007861,1384
388,10101101001,0.4821038277357688,1385
1851,10101101010,0.6325487375834727,1386
289,10101101011,0.4756980169356522,1387
1825,10101101100,0.6264675045440886,1388
36,10101101101,0.4541218368925501,1389
1846,10101101110,0.6316520450501303,1390
44,10101101111,0.4545445922743819,1391
1570,10101110000,0.5770272513757128,1392
1248,10101110001,0.5540461710639737,1393
1571,10101110010,0.5770844569966606,1394
1256,10101110011,0.5542457305705129,1395
1520,10101110100,0.5718200825765021,1396
1026,10101110101,0.5427375226328315,1397
1516,10101110110,0.5715943009053156,1398
1034,10101110111,0.5429774241798612,1399
1552,10101111000,0.574582524011756,1400
1231,10101111001,0.5531886938577819,1401
1554,10101111010,0.5747852018567775,1402
1235,10101111011,0.553416378919011,1403
1498,10101111100,0.5697471950293822,1404
1015,10101111101,0.5417392075932617,1405
1491,10101111110,0.569192886431281,1406
1013,10101111111,0.5416702464543329,1407
1882,10110000000,0.6365054216168593,1408
313,10110000001,0.476737721078066,1409
1889,10110000010,0.6371027178193629,1410
385,10110000011,0.4818976292935017,1411
1806,10110000100,0.6214950301081413,1412
45,10110000101,0.4545952407534766,1413
1810,10110000110,0.6231467708187425,1414
40,10110000111,0.4542245351573059,1415
1986,10110001000,0.6529834917713296,1416
406,10110001001,0.4835842938857202,1417
1973,10110001010,0.6515378653423107,1418
412,10110001011,0.4843309165278914,1419
1847,10110001100,0.6317313239534466,1420
72,10110001101,0.457592270681682,1421
1848,10110001110,0.6320717178794046,1422
62,10110001111,0.4565354979825049,1423
1652,10110010000,0.5842255478048878,1424
1289,10110010001,0.5561440859699375,1425
1640,10110010010,0.5833782160089461,1426
1305,10110010011,0.5569956350994365,1427
1620,10110010100,0.5816578850536419,1428
1145,10110010101,0.5469644614813004,1429
1611,10110010110,0.5804806099119943,1430
1138,10110010111,0.5466196225333266,1431
1615,10110011000,0.580958266302018,1432
1242,10110011001,0.5537875621118407,1433
1607,10110011010,0.5799719311182083,1434
1260,10110011011,0.554438818623813,1435
1592,10110011100,0.5787283001472999,1436
1093,10110011101,0.5449892141637352,1437
1573,10110011110,0.5771653630769547,1438
1063,10110011111,0.5442003157992664,1439
1859,10110100000,0.6332691056427966,1440
254,10110100001,0.4732764916199063,1441
1883,10110100010,0.6365381257613671,1442
262,10110100011,0.4740076453612687,1443
1801,10110100100,0.619856070299117,1444
10,10110100101,0.4505898645777403,1445
1805,10110100110,0.6214353919378094,1446
11,10110100111,0.4508031857799915,1447
1968,10110101000,0.6507116385591568,1448
392,10110101001,0.4825584169834895,1449
1954,10110101010,0.6474492122716948,1450
350,10110101011,0.4790007517457624,1451
1830,10110101100,0.6286541545038108,1452
48,10110101101,0.4550447046798907,1453
1836,10110101110,0.6298423589918248,1454
35,10110101111,0.4540595621729098,1455
1610,10110110000,0.5804276671295062,1456
1257,10110110001,0.5543213242091757,1457
1608,10110110010,0.5800122530898312,1458
1265,10110110011,0.5547301444163987,1459
1585,10110110100,0.5783443057562373,1460
1127,10110110101,0.5461658216586869,1461
1567,10110110110,0.5767551194971142,1462
1106,10110110111,0.5455274207166267,1463
1568,10110111000,0.5768128894078606,1464
1225,10110111001,0.5526895002882979,1465
1566,10110111010,0.5767249138073035,1466
1226,10110111011,0.5527738569869318,1467
1550,10110111100,0.5745104127023015,1468
1061,10110111101,0.5441623781856552,1469
1538,10110111110,0.5733375773897702,1470
1044,10110111111,0.5436720008250495,1471
1817,10111000000,0.624642589471018,1472
371,10111000001,0.4805319669888909,1473
1807,10111000010,0.6217477290255279,1474
335,10111000011,0.4778280356281433,1475
1799,10111000100,0.6145323263009168,1476
98,10111000101,0.4600978977341904,1477
1798,10111000110,0.6145250462419991,1478
87,10111000111,0.459182746122088,1479
1881,10111001000,0.6362484961765772,1480
343,10111001001,0.4782988978600427,1481
1863,10111001010,0.6339440579045785,1482
291,10111001011,0.4757671921301313,1483
1823,10111001100,0.6255807984064978,1484
86,10111001101,0.4590494765883231,1485
1824,10111001110,0.6263562033667257,1486
82,10111001111,0.4588001073829218,1487
1633,10111010000,0.5824098048376197,1488
1296,10111010001,0.5565708094409828,1489
1631,10111010010,0.5823772706259603,1490
1300,10111010011,0.5568320337629974,1491
1569,10111010100,0.5768409924428833,1492
1058,10111010101,0.5440618134821524,1493
1561,10111010110,0.5760424947079668,1494
1049,10111010111,0.5438158226593947,1495
1597,10111011000,0.5791677173279407,1496
1276,10111011001,0.5553215250263078,1497
1602,10111011010,0.5794599708718128,1498
1278,10111011011,0.5554497392754291,1499
1545,10111011100,0.5741181105834646,1500
1023,10111011101,0.5425706222994284,1501
1536,10111011110,0.5732595582771496,1502
1025,10111011111,0.5426668822903735,1503
1804,10111100000,0.6213560759131131,1504
196,10111100001,0.4684528565781484,1505
1800,10111100010,0.6187547057662489,1506
171,10111100011,0.4665541644520805,1507
1796,10111100100,0.6124687086773082,1508
20,10111100101,0.4519141185040852,1509
1797,10111100110,0.6138483381412357,1510
27,10111100111,0.4527409226804394,1511
1867,10111101000,0.6344011924349104,1512
209,10111101001,0.4696978746786892,1513
1860,10111101010,0.6334628178506425,1514
164,10111101011,0.4659058042035778,1515
1808,10111101100,0.6224860837092092,1516
30,10111101101,0.4533780903617275,1517
1818,10111101110,0.6248487461494889,1518
32,10111101111,0.4534164049537588,1519
1580,10111110000,0.5776456244868684,1520
1253,10111110001,0.5542173700183531,1521
1579,10111110010,0.5776264267015798,1522
1264,10111110011,0.5546038183771158,1523
1514,10111110100,0.5711868813782087,1524
1022,10111110101,0.5423868748923271,1525
1511,10111110110,0.5706826383789142,1526
1021,10111110111,0.5423761890436181,1527
1556,10111111000,0.5749388528038522,1528
1238,10111111001,0.5536347935975543,1529
1558,10111111010,0.5752016351132575,1530
1240,10111111011,0.5537462455063329,1531
1489,10111111100,0.5690608673261767,1532
1007,10111111101,0.5413192809244602,1533
1482,10111111110,0.5684963684554872,1534
998,10111111111,0.5407690103877578,1535
532,11000000000,0.4967438383985726,1536
643,11000000001,0.5102654487926006,1537
752,11000000010,0.5170905241355035,1538
794,11000000011,0.523605907660829,1539
497,11000000100,0.4933070772446629,1540
112,11000000101,0.4607502949505191,1541
500,11000000110,0.4935448503514363,1542
118,11000000111,0.4613815761228081,1543
556,11000001000,0.5001849674903008,1544
651,11000001001,0.5113770758880345,1545
554,11000001010,0.4995588762219713,1546
703,11000001011,0.5142740265288128,1547
485,11000001100,0.4918676818173113,1548
158,11000001101,0.4654253290516708,1549
501,11000001110,0.4935661066002041,1550
161,11000001111,0.4657177662133085,1551
1175,11000010000,0.5480625850077758,1552
870,11000010001,0.5284918834747887,1553
1216,11000010010,0.5514670941655163,1554
913,11000010011,0.5301344184528969,1555
1188,11000010100,0.5489566018072306,1556
760,11000010101,0.5178674378003502,1557
1202,11000010110,0.5501823486675411,1558
763,11000010111,0.5178828277606018,1559
1147,11000011000,0.5470111396258357,1560
842,11000011001,0.5273867902061117,1561
1189,11000011010,0.5489569046373767,1562
865,11000011011,0.5282547108685954,1563
1134,11000011100,0.5464388842909875,1564
734,11000011101,0.5159325963398577,1565
1150,11000011110,0.5471265718890609,1566
740,11000011111,0.5162618808892875,1567
568,11000100000,0.5019389288046131,1568
471,11000100001,0.4907142974730375,1569
546,11000100010,0.4988010367487957,1570
479,11000100011,0.4911998098944544,1571
441,11000100100,0.4877347790164483,1572
22,11000100101,0.4522299088492025,1573
460,11000100110,0.4896835617799094,1574
52,11000100111,0.455315629301048,1575
558,11000101000,0.5003951128405865,1576
578,11000101001,0.5027117905455951,1577
489,11000101010,0.4925061819811874,1578
506,11000101011,0.4939704690706714,1579
417,11000101100,0.4847373974115767,1580
55,11000101101,0.4556801462152938,1581
433,11000101110,0.4866011016985626,1582
61,11000101111,0.4564802241320126,1583
1151,11000110000,0.547173052849478,1584
844,11000110001,0.5274243493669744,1585
1181,11000110010,0.548618758698798,1586
876,11000110011,0.5287299174336593,1587
1166,11000110100,0.5476775117789743,1588
759,11000110101,0.517609813160891,1589
1173,11000110110,0.5480263767972858,1590
755,11000110111,0.5172838016564925,1591
1100,11000111000,0.5454087013455613,1592
811,11000111001,0.5249601911432217,1593
1125,11000111010,0.546099901233199,1594
820,11000111011,0.5262186951037582,1595
1089,11000111100,0.5449083684932918,1596
724,11000111101,0.5153820411995833,1597
1092,11000111110,0.5449886593370483,1598
717,11000111111,0.5151230972344272,1599
630,11001000000,0.5084899726783296,1600
769,11001000001,0.5187699506161425,1601
597,11001000010,0.5041257374870751,1602
583,11001000011,0.5030729496167221,1603
492,11001000100,0.4928207223920282,1604
64,11001000101,0.4568893552385747,1605
504,11001000110,0.4936434037780765,1606
77,11001000111,0.4579880606715177,1607
591,11001001000,0.5035326242073735,1608
697,11001001001,0.5138231163679067,1609
529,11001001010,0.4966537239312017,1610
647,11001001011,0.510849636870139,1611
487,11001001100,0.4920195399055382,1612
140,11001001101,0.4640762991079415,1613
491,11001001110,0.4926693984909713,1614
148,11001001111,0.4646647845349061,1615
1180,11001010000,0.5485857384261698,1616
915,11001010001,0.5302294537102777,1617
1204,11001010010,0.5504589138853544,1618
930,11001010011,0.5311872491502213,1619
1059,11001010100,0.5441019804651038,1620
731,11001010101,0.5157575344210843,1621
1090,11001010110,0.544922189071226,1622
748,11001010111,0.5168951320056563,1623
1163,11001011000,0.5475452059702272,1624
877,11001011001,0.5287335738060959,1625
1183,11001011010,0.5487410941572493,1626
897,11001011011,0.529705777516282,1627
1080,11001011100,0.5445788955537815,1628
713,11001011101,0.5147374131234338,1629
1074,11001011110,0.5444165936774285,1630
732,11001011111,0.5158612820864648,1631
443,11001100000,0.4881507207565228,1632
452,11001100001,0.4889007517712629,1633
444,11001100010,0.4882127740694187,1634
315,11001100011,0.4769530728644946,1635
428,11001100100,0.4858378961885152,1636
43,11001100101,0.4544428422834999,1637
447,11001100110,0.4887309805225905,1638
53,11001100111,0.4553201569697119,1639
434,11001101000,0.4868313656108904,1640
526,11001101001,0.4962113171495019,1641
419,11001101010,0.4850738368492364,1642
448,11001101011,0.488760410001768,1643
410,11001101100,0.4841308149551322,1644
69,11001101101,0.4571518921897008,1645
423,11001101110,0.4855630342868978,1646
73,11001101111,0.4577329585583274,1647
1131,11001110000,0.546308543528694,1648
880,11001110001,0.5289338190631854,1649
1162,11001110010,0.5475251416598507,1650
911,11001110011,0.5301099559271487,1651
1019,11001110100,0.5422018388601346,1652
709,11001110101,0.5146508952097096,1653
1037,11001110110,0.5432345815612104,1654
721,11001110111,0.515348407257593,1655
1097,11001111000,0.5452406431267124,1656
846,11001111001,0.5275016218659276,1657
1117,11001111010,0.5458997829542667,1658
863,11001111011,0.5282266566538995,1659
1012,11001111100,0.5414673413172519,1660
699,11001111101,0.5139002230267556,1661
1011,11001111110,0.5414154392728252,1662
701,11001111111,0.5141404416240978,1663
517,11010000000,0.4951013098504703,1664
379,11010000001,0.4814712361998935,1665
482,11010000010,0.4914758054796612,1666
435,11010000011,0.4869325804555861,1667
486,11010000100,0.4918865623328867,1668
80,11010000101,0.458491005833913,1669
481,11010000110,0.4914633755412068,1670
94,11010000111,0.4595982713983904,1671
509,11010001000,0.4941881234568171,1672
515,11010001001,0.4949622633690895,1673
437,11010001010,0.4871566703539833,1674
493,11010001011,0.4928420221830922,1675
480,11010001100,0.4912776777816391,1676
127,11010001101,0.4622580902039297,1677
473,11010001110,0.4908704256914753,1678
130,11010001111,0.4632029664247257,1679
1228,11010010000,0.5530368915380962,1680
920,11010010001,0.530460586734237,1681
1262,11010010010,0.5545155549016073,1682
934,11010010011,0.5314252629318588,1683
1195,11010010100,0.5497335676673122,1684
772,11010010101,0.519129528001539,1685
1206,11010010110,0.5505157543344805,1686
768,11010010111,0.5184243522407708,1687
1199,11010011000,0.5501122184788397,1688
866,11010011001,0.5282972378055223,1689
1214,11010011010,0.5510463603973771,1690
881,11010011011,0.5290810952204802,1691
1152,11010011100,0.5472259387454224,1692
739,11010011101,0.5162068824589913,1693
1159,11010011110,0.547381636106936,1694
742,11010011111,0.5165058779011396,1695
431,11010100000,0.4861463705925924,1696
218,11010100001,0.470596687706913,1697
429,11010100010,0.4859492227917246,1698
340,11010100011,0.478225489384184,1699
414,11010100100,0.4844382794440811,1700
6,11010100101,0.4487173113065979,1701
418,11010100110,0.4849610916718336,1702
12,11010100111,0.4509119279318971,1703
386,11010101000,0.4819430400476372,1704
348,11010101001,0.4789485854579897,1705
356,11010101010,0.4793495558563351,1706
323,11010101011,0.4772427744820399,1707
409,11010101100,0.4840600329611543,1708
24,11010101101,0.4524169745543548,1709
415,11010101110,0.4845727206071317,1710
29,11010101111,0.4533774957785376,1711
1194,11010110000,0.5495808893750181,1712
874,11010110001,0.5287198850571293,1713
1209,11010110010,0.5506869909411658,1714
910,11010110011,0.5301016445967728,1715
1170,11010110100,0.5478690720553312,1716
767,11010110101,0.5184114090807868,1717
1174,11010110110,0.548052401787962,1718
758,11010110111,0.5175933269911216,1719
1146,11010111000,0.5470077404935682,1720
821,11010111001,0.5262611864964868,1721
1164,11010111010,0.5475742362713893,1722
833,11010111011,0.5272534728902711,1723
1094,11010111100,0.5450140968548688,1724
736,11010111101,0.5160589233588886,1725
1078,11010111110,0.5445582316461073,1726
723,11010111111,0.5153630524904617,1727
483,11011000000,0.4916598850241872,1728
455,11011000001,0.4892829749031176,1729
474,11011000010,0.4909111282791512,1730
427,11011000011,0.4857457375100056,1731
456,11011000100,0.4893126478916828,1732
97,11011000101,0.4600202497128769,1733
450,11011000110,0.4888252693654205,1734
113,11011000111,0.4607585877527553,1735
472,11011001000,0.4908405979683682,1736
440,11011001001,0.4877229288689623,1737
439,11011001010,0.4876348377299137,1738
411,11011001011,0.4842238541417621,1739
453,11011001100,0.4890631827082376,1740
125,11011001101,0.4620562379749979,1741
445,11011001110,0.4884518083062417,1742
128,11011001111,0.4627120378641977,1743
1212,11011010000,0.5509591517821991,1744
933,11011010001,0.5312674984587243,1745
1219,11011010010,0.5520624063635872,1746
936,11011010011,0.5319622091271065,1747
1068,11011010100,0.544292043246897,1748
735,11011010101,0.5159916796849636,1749
1088,11011010110,0.5448729851095795,1750
745,11011010111,0.5167603140437327,1751
1190,11011011000,0.548991039325377,1752
896,11011011001,0.5296945907808204,1753
1196,11011011010,0.5498380091051205,1754
919,11011011011,0.5303953424420054,1755
1046,11011011100,0.543698779291104,1756
722,11011011101,0.5153500619744653,1757
1060,11011011110,0.5441217978460253,1758
733,11011011111,0.515905341096168,1759
397,11011100000,0.4827560498046467,1760
253,11011100001,0.4731837132927823,1761
389,11011100010,0.4821581571015702,1762
185,11011100011,0.4679233374832514,1763
395,11011100100,0.4826738334876891,1764
17,11011100101,0.4516102626005719,1765
407,11011100110,0.4836179997772211,1766
23,11011100111,0.4523849648546598,1767
390,11011101000,0.4823625259280564,1768
280,11011101001,0.4753632027568574,1769
346,11011101010,0.4787759927372125,1770
212,11011101011,0.4698997118605901,1771
375,11011101100,0.4809395513917651,1772
38,11011101101,0.4541962272936128,1773
376,11011101110,0.4809528434197148,1774
49,11011101111,0.4552082149416689,1775
1169,11011110000,0.5478609068954831,1776
905,11011110001,0.5299259141902735,1777
1186,11011110010,0.5488290110440852,1778
923,11011110011,0.5306623671293971,1779
1018,11011110100,0.5419515456549446,1780
704,11011110101,0.5143326256025117,1781
1028,11011110110,0.54281860931157,1782
716,11011110111,0.5150655480666838,1783
1132,11011111000,0.5463559006139289,1784
861,11011111001,0.5281794732193319,1785
1142,11011111010,0.5467395511383626,1786
878,11011111011,0.528765884551632,1787
1000,11011111100,0.5408972873125206,1788
708,11011111101,0.5144838086918636,1789
1001,11011111110,0.540954282138026,1790
705,11011111111,0.5143879355685219,1791
609,11100000000,0.5053873841014798,1792
774,11100000001,0.5193203736857164,1793
549,11100000010,0.4990528039991195,1794
738,11100000011,0.5161900901431827,1795
143,11100000100,0.4643766052961716,1796
57,11100000101,0.4559284572132424,1797
167,11100000110,0.4661234800660722,1798
60,11100000111,0.4564255226173594,1799
510,11100001000,0.4942864473416816,1800
694,11100001001,0.5137604194006992,1801
466,11100001010,0.4903458130868428,1802
648,11100001011,0.5111246497832789,1803
184,11100001100,0.4679113183791493,1804
76,11100001101,0.457878823042985,1805
175,11100001110,0.4669235395425249,1806
78,11100001111,0.45812987224578,1807
1115,11100010000,0.545877976669847,1808
824,11100010001,0.5265956299686504,1809
1176,11100010010,0.5481546842745716,1810
871,11100010011,0.5285512571223702,1811
1104,11100010100,0.5455054407700395,1812
728,11100010101,0.5155466825138871,1813
1103,11100010110,0.5454726737325476,1814
727,11100010111,0.5154880792060285,1815
1048,11100011000,0.5438073782664145,1816
812,11100011001,0.5251104322007165,1817
1109,11100011010,0.5456246681475131,1818
825,11100011011,0.5266554655690993,1819
1020,11100011100,0.5423265026550965,1820
698,11100011101,0.5138429991630785,1821
1024,11100011110,0.5426581417066072,1822
693,11100011111,0.5136692907737709,1823
522,11100100000,0.4957555397239165,1824
523,11100100001,0.4958351832059116,1825
366,11100100010,0.4802673124998771,1826
469,11100100011,0.4906319521545953,1827
138,11100100100,0.463870070289499,1828
2,11100100101,0.4468669073524611,1829
154,11100100110,0.4651419633686044,1830
3,11100100111,0.4482187759259735,1831
363,11100101000,0.4799149362577825,1832
605,11100101001,0.5051031164013049,1833
306,11100101010,0.4763119114262807,1834
513,11100101011,0.4944636406541864,1835
141,11100101100,0.4641338560856007,1836
7,11100101101,0.4491695653165689,1837
136,11100101110,0.463704743723106,1838
8,11100101111,0.4496931219112827,1839
1102,11100110000,0.5454621489477544,1840
818,11100110001,0.5259570852734262,1841
1141,11100110010,0.5467316477326519,1842
828,11100110011,0.5268256795915138,1843
1045,11100110100,0.543687438877992,1844
726,11100110101,0.5154251617157403,1845
1032,11100110110,0.5429193034004428,1846
719,11100110111,0.5152531234496058,1847
1042,11100111000,0.5436309265667302,1848
803,11100111001,0.5240975036840483,1849
1075,11100111010,0.5444289431962164,1850
813,11100111011,0.5251661626582391,1851
1016,11100111100,0.5418103041173943,1852
677,11100111101,0.5129167749067434,1853
1002,11100111110,0.540962221633536,1854
683,11100111111,0.5132445768374293,1855
446,11101000000,0.4885579763561174,1856
520,11101000001,0.4957092802845231,1857
432,11101000010,0.4862572866049887,1858
511,11101000011,0.4942887710444835,1859
162,11101000100,0.4657989592801873,1860
79,11101000101,0.4581691501312037,1861
194,11101000110,0.4681230184794744,1862
85,11101000111,0.4589669643042905,1863
408,11101001000,0.4836688396444564,1864
519,11101001001,0.4953081460998633,1865
402,11101001010,0.4832271609986797,1866
488,11101001011,0.4923428195080844,1867
195,11101001100,0.4683114478369565,1868
107,11101001101,0.4605522949176125,1869
192,11101001110,0.4680062578475052,1870
120,11101001111,0.4616711883145167,1871
1126,11101010000,0.546128913880083,1872
886,11101010001,0.5294698210030762,1873
1167,11101010010,0.5476896146613188,1874
914,11101010011,0.5302028475525833,1875
982,11101010100,0.5400069232599596,1876
675,11101010101,0.5128912217134358,1877
990,11101010110,0.5404079301931345,1878
695,11101010111,0.5137671449904013,1879
1110,11101011000,0.5457202767821752,1880
856,11101011001,0.5278941820495017,1881
1137,11101011010,0.5465244269139956,1882
872,11101011011,0.5285713372031131,1883
972,11101011100,0.539489442522704,1884
669,11101011101,0.5125060816872363,1885
970,11101011110,0.5393738040724605,1886
673,11101011111,0.5126859119082675,1887
339,11101100000,0.4780883980561378,1888
372,11101100001,0.480641022596711,1889
245,11101100010,0.4721842496727308,1890
293,11101100011,0.4758069526027301,1891
147,11101100100,0.4646387888295291,1892
21,11101100101,0.4519815440171482,1893
163,11101100110,0.4658844084659134,1894
19,11101100111,0.4518158310922421,1895
238,11101101000,0.4715913426501842,1896
377,11101101001,0.4810979841219174,1897
215,11101101010,0.4700991483770383,1898
281,11101101011,0.4754449189347241,1899
157,11101101100,0.4652694326918898,1900
54,11101101101,0.4556732272366603,1901
150,11101101110,0.4647728637768952,1902
59,11101101111,0.456143882143277,1903
1065,11101110000,0.5442361066940768,1904
830,11101110001,0.5269342331809145,1905
1101,11101110010,0.545422309604103,1906
850,11101110011,0.527586280559321,1907
961,11101110100,0.5369418985617452,1908
664,11101110101,0.5121273921103878,1909
962,11101110110,0.5373172491847018,1910
678,11101110111,0.5129300683048895,1911
1057,11101111000,0.5440527634998784,1912
827,11101111001,0.5267012784088078,1913
1064,11101111010,0.5442206533412652,1914
838,11101111011,0.5273355547115329,1915
956,11101111100,0.5361564201965889,1916
667,11101111101,0.5122629079371804,1917
954,11101111110,0.5360258117602803,1918
668,11101111111,0.5124107388494847,1919
463,11110000000,0.4902269421403535,1920
337,11110000001,0.4779341992998007,1921
413,11110000010,0.484413125249128,1922
382,11110000011,0.4816677483004154,1923
139,11110000100,0.4639983333771726,1924
34,11110000101,0.4537273461156212,1925
149,11110000110,0.4646727632527157,1926
31,11110000111,0.4533823725889661,1927
467,11110001000,0.4905210804841047,1928
458,11110001001,0.4893726384035,1929
396,11110001010,0.4827191499485401,1930
454,11110001011,0.4891057796395665,1931
169,11110001100,0.4661709271653915,1932
63,11110001101,0.4567416328792781,1933
165,11110001110,0.4659163666432654,1934
70,11110001111,0.4573170778027165,1935
1192,11110010000,0.5491780749745384,1936
867,11110010001,0.5283059627513705,1937
1205,11110010010,0.5504627115397223,1938
900,11110010011,0.529744055304222,1939
1120,11110010100,0.5459591358772414,1940
744,11110010101,0.516615701693207,1941
1124,11110010110,0.5460986710225005,1942
741,11110010111,0.5162804713506758,1943
1133,11110011000,0.5463622655853821,1944
823,11110011001,0.5264781696239952,1945
1161,11110011010,0.5474858013487754,1946
848,11110011011,0.5275390646892054,1947
1035,11110011100,0.5430444055123991,1948
711,11110011101,0.5147172195989786,1949
1029,11110011110,0.5428621446488343,1950
700,11110011111,0.5141391865208963,1951
361,11110100000,0.4797034468302613,1952
179,11110100001,0.4670626945017818,1953
303,11110100010,0.4761433184361792,1954
197,11110100011,0.4685087600901068,1955
101,11110100100,0.4602716777282841,1956
0,11110100101,0.445690598130261,1957
116,11110100110,0.461268412206129,1958
1,11110100111,0.4463242697493923,1959
316,11110101000,0.4769562517993616,1960
264,11110101001,0.4740293603219925,1961
258,11110101010,0.4734347642912583,1962
236,11110101011,0.4714547267565362,1963
100,11110101100,0.4602347906557057,1964
5,11110101101,0.4486016676247098,1965
104,11110101110,0.4604945705952858,1966
4,11110101111,0.4483792294348405,1967
1165,11110110000,0.5476233029981102,1968
843,11110110001,0.5274040234926387,1969
1184,11110110010,0.5487860392655758,1970
858,11110110011,0.528035358104907,1971
1040,11110110100,0.5435766030904166,1972
729,11110110101,0.5155521615296023,1973
1036,11110110110,0.5431801345203395,1974
720,11110110111,0.5153397648753514,1975
1099,11110111000,0.5453648790540718,1976
816,11110111001,0.5255346694329067,1977
1122,11110111010,0.5460055258517965,1978
822,11110111011,0.5263233381116282,1979
1005,11110111100,0.5413037776330515,1980
681,11110111101,0.5131004713065158,1981
997,11110111110,0.5407048605301791,1982
690,11110111111,0.5136240677494737,1983
364,11111000000,0.4799254579812999,1984
345,11111000001,0.4786441137494877,1985
333,11111000010,0.4777371585569019,1986
325,11111000011,0.4774099517464942,1987
152,11111000100,0.4649364757924621,1988
84,11111000101,0.4589616327761888,1989
155,11111000110,0.4652122277149296,1990
92,11111000111,0.4593148021432366,1991
358,11111001000,0.4796485138603392,1992
354,11111001001,0.4790880386439626,1993
355,11111001010,0.4792042512945709,1994
296,11111001011,0.4759346365953861,1995
156,11111001100,0.4652455575972558,1996
114,11111001101,0.460843962945783,1997
159,11111001110,0.4654444755102144,1998
109,11111001111,0.4606602789116499,1999
1171,11111010000,0.547918274804243,2000
901,11111010001,0.5297536152053242,2001
1191,11111010010,0.5490497725114142,2002
917,11111010011,0.5303232580705813,2003
986,11111010100,0.5401048808005472,2004
685,11111010101,0.5133627161988594,2005
983,11111010110,0.5400164938709552,2006
696,11111010111,0.5138008976510622,2007
1143,11111011000,0.5468214982719267,2008
873,11111011001,0.5285898420071087,2009
1156,11111011010,0.5473407404511063,2010
882,11111011011,0.5291103340297514,2011
971,11111011100,0.5394663667208405,2012
674,11111011101,0.5127763100711423,2013
969,11111011110,0.5392087728994065,2014
680,11111011111,0.5130515920415281,2015
255,11111100000,0.4734029139810067,2016
160,11111100001,0.4655687494862879,2017
206,11111100010,0.4692149162305396,2018
117,11111100011,0.4613485408032744,2019
103,11111100100,0.460485636422371,2020
14,11111100101,0.451383765065099,2021
110,11111100110,0.4607251861921457,2022
9,11111100111,0.4502062347682554,2023
217,11111101000,0.4705036151224703,2024
190,11111101001,0.4679885888333903,2025
200,11111101010,0.4686904314547032,2026
134,11111101011,0.4635750338991291,2027
95,11111101100,0.4599497729620145,2028
37,11111101101,0.4541949569390624,2029
96,11111101110,0.4599827321750007,2030
39,11111101111,0.4542025124493212,2031
1113,11111110000,0.5458387424843661,2032
851,11111110001,0.527678664536067,2033
1140,11111110010,0.5467232803492458,2034
860,11111110011,0.5281599034467069,2035
964,11111110100,0.537385782352693,2036
665,11111110101,0.5121761578558929,2037
963,11111110110,0.537346610749747,2038
670,11111110111,0.5125695877229522,2039
1070,11111111000,0.5443327584222595,2040
840,11111111001,0.5273620911177911,2041
1084,11111111010,0.5446857017719198,2042
855,11111111011,0.5278305509092805,2043
957,11111111100,0.5363558521389843,2044
661,11111111101,0.512033465348697,2045
953,11111111110,0.5360119106779423,2046
660,11111111111,0.5119830982663429,2047
